Medication_Name,Rx_Category
SIMVASTATIN TAB 20MG,MAC
ATORVASTATIN TAB 10MG,MAC
ATORVASTATIN TAB 40MG,MAC
PRAVASTATIN SODIUM 10 MG TAB,MAC
ATORVASTATIN TAB 10MG,MAC
ATORVASTATIN TAB 20MG,MAC
ATORVASTATIN TAB 20MG,MAC
ATORVASTATIN TAB 10MG,MAC
ATORVASTATIN 40 MG TABLET,MAC
ATORVASTATIN TAB 40MG,MAC
ROSUVASTATIN TAB 20MG,MAC
ROSUVASTATIN TAB 40MG,MAC
ROSUVASTATIN TAB 10MG,MAC
ATORVASTATIN TAB 20MG,MAC
ATORVASTATIN 40 MG TABLET,MAC
ATORVASTATIN TAB 20MG,MAC
ROSUVASTATIN TAB 10MG,MAC
ROSUVASTATIN TAB 10MG,MAC
ATORVASTATIN TAB 10MG,MAC
ATORVASTATIN TAB 40MG,MAC
ROSUVASTATIN TAB 10MG,MAC
PRAVASTATIN TAB 40MG,MAC
PRAVASTATIN TAB 20MG,MAC
Lovastatin Tab 40 MG,MAC
ATORVASTATIN TAB 10MG,MAC
SIMVASTATIN 20 MG TABLET,MAC
ATORVASTATIN 40 MG TABLET,MAC
ATORVASTATIN TAB 80MG,MAC
ATORVASTATIN 10 MG TABLET,MAC
ATORVASTATIN TAB 20MG,MAC
ROSUVASTATIN TAB 5MG,MAC
ATORVASTATIN TAB 20MG,MAC
SIMVASTATIN TAB 40MG,MAC
ATORVASTATIN TAB 20MG,MAC
ATORVASTATIN TAB 40MG,MAC
ATORVASTATIN TAB 20MG,MAC
ATORVASTATIN TAB 40MG,MAC
ROSUVASTATIN CALCIUM 40 MG TAB,MAC
ATORVASTATIN TAB 20MG,MAC
ATORVASTATIN TAB 40MG,MAC
ROSUVASTATIN TAB 10MG,MAC
PRAVASTATIN TAB 20MG,MAC
ROSUVASTATIN CALCIUM 10 MG TAB,MAC
Simvastatin Tab 20 MG,MAC
ROSUVASTATIN CALCIUM TAB 10MG,MAC
ROSUVASTATIN CALCIUM 20 MG TAB,MAC
ATORVASTATIN TAB 10MG,MAC
LOVASTATIN TAB 40MG,MAC
ROSUVASTATIN TAB 20MG,MAC
ATORVASTATIN TAB 10MG,MAC
ROSUVASTATIN TAB 20MG,MAC
ATORVASTATIN TAB 40MG,MAC
ATORVASTATIN TAB 20MG,MAC
ATORVASTATIN TAB 20MG,MAC
ATORVASTATIN TAB 10MG,MAC
ATORVASTATIN TAB 40MG,MAC
SIMVASTATIN TAB 10MG,MAC
LOVASTATIN TAB 20MG,MAC
SIMVASTATIN TAB 40MG,MAC
ATORVASTATIN TAB 40MG,MAC
SIMVASTATIN TAB 40MG,MAC
ATORVASTATIN TAB 10MG,MAC
ROSUVASTATIN TAB 20MG,MAC
LOVASTATIN TAB 40MG,MAC
Atorvastatin Calcium Tab 10 MG (Base Equivalent),MAC
ATORVASTATIN TAB 40MG,MAC
ROSUVASTATIN TAB 20MG,MAC
ROSUVASTATIN TAB 10MG,MAC
ATORVASTATIN TAB 10MG,MAC
ATORVASTATIN TAB 20MG,MAC
ATORVASTATIN 80 MG TABLET,MAC
ATORVASTATIN TAB 10MG,MAC
SIMVASTATIN TAB 40MG,MAC
SIMVASTATIN TAB 20MG,MAC
ATORVASTATIN 20 MG TABLET,MAC
PRAVASTATIN TAB 40MG,MAC
PRAVASTATIN TAB 40MG,MAC
ROSUVASTATIN TAB 10MG,MAC
ATORVASTATIN TAB 20MG,MAC
ATORVASTATIN TAB 40MG,MAC
ATORVASTATIN 20 MG TABLET,MAC
ATORVASTATIN TAB 10MG,MAC
SIMVASTATIN TAB 40MG,MAC
LOVASTATIN TAB 40MG,MAC
SIMVASTATIN TAB 20MG,MAC
ATORVASTATIN TAB 80MG,MAC
ATORVASTATIN TAB 20MG,MAC
ATORVASTATIN 80 MG TABLET,MAC
PRAVASTATIN TAB 80MG,MAC
PRAVASTATIN TAB 40MG,MAC
Atorvastatin Calcium Tab 40 MG (Base Equivalent),MAC
Rosuvastatin Calcium Tab 10 MG,MAC
ROSUVASTATIN TAB 10MG,MAC
ATORVASTATIN TAB 40MG,MAC
LOVASTATIN 40 MG TABLET,MAC
ROSUVASTATIN TAB 20MG,MAC
ROSUVASTATIN TAB 40MG,MAC
ATORVASTATIN TAB 20MG,MAC
ATORVASTATIN 40 MG TABLET,MAC
SIMVASTATIN TAB 10MG,MAC
ATORVASTATIN TAB 40MG,MAC
PRAVASTATIN TAB 20MG,MAC
ATORVASTATIN TAB 10MG,MAC
ATORVASTATIN TAB 40MG,MAC
ROSUVASTATIN TAB 40MG,MAC
ATORVASTATIN TAB 20MG,MAC
ATORVASTATIN TAB 80MG,MAC
ROSUVASTATIN CALCIUM 40 MG TAB,MAC
ATORVASTATIN TAB 40MG,MAC
ATORVASTATIN TAB 40MG,MAC
LOVASTATIN TAB 10MG,MAC
ATORVASTATIN TAB 40MG,MAC
ROSUVASTATIN TAB 20MG,MAC
ATORVASTATIN TAB 20MG,MAC
ATORVASTATIN TAB 10MG,MAC
ATORVASTATIN TAB 80MG,MAC
ATORVASTATIN TAB 20MG,MAC
ROSUVASTATIN TAB 40MG,MAC
ATORVASTATIN TAB 80MG,MAC
ATORVASTATIN TAB 40MG,MAC
ROSUVASTATIN TAB 40MG,MAC
ATORVASTATIN TAB 10MG,MAC
ATORVASTATIN TAB 40MG,MAC
ATORVASTATIN TAB 10MG,MAC
ATORVASTATIN TAB 20MG,MAC
SIMVASTATIN TAB 20MG,MAC
SIMVASTATIN TAB 10MG,MAC
ROSUVASTATIN CALCIUM 20 MG TAB,MAC
ATORVASTATIN TAB 20MG,MAC
ATORVASTATIN TAB 10MG,MAC
SIMVASTATIN 20 MG TABLET,MAC
ATORVASTATIN TAB 20MG,MAC
ATORVASTATIN TAB 10MG,MAC
Simvastatin Tab 20 MG,MAC
ATORVASTATIN 20 MG TABLET,MAC
ATORVASTATIN TAB 10MG,MAC
ROSUVASTATIN TAB 5MG,MAC
ATORVASTATIN TAB 10MG,MAC
ATORVASTATIN TAB 40MG,MAC
ROSUVASTATIN TAB 40MG,MAC
ATORVASTATIN TAB 40MG,MAC
ROSUVASTATIN TAB 20MG,MAC
Atorvastatin Calcium Tab 20 MG (Base Equivalent),MAC
ATORVASTATIN TAB 40MG,MAC
ROSUVASTATIN TAB 40MG,MAC
ATORVASTATIN TAB 20MG,MAC
PRAVASTATIN TAB 10MG,MAC
ROSUVASTATIN TAB 20MG,MAC
ATORVASTATIN TAB 10MG,MAC
ATORVASTATIN TAB 20MG,MAC
ATORVASTATIN TAB 40MG,MAC
ATORVASTATIN TAB 40MG,MAC
ATORVASTATIN TAB 20MG,MAC
ATORVASTATIN TAB 20MG,MAC
ROSUVASTATIN TAB 20MG,MAC
ATORVASTATIN TAB 80MG,MAC
ROSUVASTATIN TAB 5MG,MAC
ROSUVASTATIN CALCIUM 20 MG TAB,MAC
ATORVASTATIN 20 MG TABLET,MAC
ATORVASTATIN TAB 20MG,MAC
ROSUVASTATIN TAB 10MG,MAC
ATORVASTATIN TAB 10MG,MAC
ROSUVASTATIN TAB 10MG,MAC
ROSUVASTATIN TAB 40MG,MAC
ATORVASTATIN TAB 10MG,MAC
ATORVASTATIN TAB 80MG,MAC
ATORVASTATIN TAB 20MG,MAC
ATORVASTATIN 40 MG TABLET,MAC
ROSUVASTATIN TAB 20MG,MAC
ATORVASTATIN TAB 10MG,MAC
ATORVASTATIN TAB 80MG,MAC
ROSUVASTATIN TAB 40MG,MAC
ATORVASTATIN TAB 20MG,MAC
ATORVASTATIN TAB 40MG,MAC
ATORVASTATIN TAB 40MG,MAC
PRAVASTATIN SODIUM 10 MG TAB,MAC
ROSUVASTATIN TAB 10MG,MAC
ROSUVASTATIN TAB 5MG,MAC
ATORVASTATIN TAB 40MG,MAC
SIMVASTATIN TAB 40MG,MAC
ATORVASTATIN TAB 40MG,MAC
ATORVASTATIN 80 MG TABLET,MAC
ATORVASTATIN TAB 10MG,MAC
ROSUVASTATIN TAB 5MG,MAC
ATORVASTATIN TAB 40MG,MAC
ATORVASTATIN TAB 40MG,MAC
Simvastatin Tab 20 MG,MAC
ATORVASTATIN TAB 80MG,MAC
Atorvastatin Calcium Tab 10 MG (Base Equivalent),MAC
LOVASTATIN TAB 40MG,MAC
ATORVASTATIN TAB 20MG,MAC
ATORVASTATIN TAB 20MG,MAC
ROSUVASTATIN TAB 20MG,MAC
ATORVASTATIN TAB 40MG,MAC
ROSUVASTATIN TAB 40MG,MAC
ROSUVASTATIN TAB 5MG,MAC
ROSUVASTATIN TAB 20MG,MAC
ATORVASTATIN TAB 40MG,MAC
ATORVASTATIN 40 MG TABLET,MAC
ATORVASTATIN TAB 10MG,MAC
SIMVASTATIN 40 MG TABLET,MAC
ATORVASTATIN TAB 20MG,MAC
ROSUVASTATIN TAB 20MG,MAC
ATORVASTATIN TAB 40MG,MAC
SIMVASTATIN TAB 40MG,MAC
ATORVASTATIN TAB 10MG,MAC
SIMVASTATIN TAB 20MG,MAC
Rosuvastatin Calcium Tab 5 MG,MAC
ATORVASTATIN TAB 20MG,MAC
ATORVASTATIN TAB 20MG,MAC
ATORVASTATIN TAB 20MG,MAC
Simvastatin Tab 20 MG,MAC
ATORVASTATIN TAB 20MG,MAC
ROSUVASTATIN TAB 40MG,MAC
Atorvastatin Calcium Tab 40 MG (Base Equivalent),MAC
ATORVASTATIN TAB 80MG,MAC
ATORVASTATIN TAB 40MG,MAC
ATORVASTATIN TAB 40MG,MAC
ATORVASTATIN TAB 20MG,MAC
SIMVASTATIN TAB 20MG,MAC
ROSUVASTATIN TAB 40MG,MAC
ATORVASTATIN TAB 40MG,MAC
ROSUVASTATIN TAB 20MG,MAC
Atorvastatin Calcium Tab 40 MG (Base Equivalent),MAC
PRAVASTATIN TAB 20MG,MAC
ATORVASTATIN TAB 40MG,MAC
ATORVASTATIN TAB 40MG,MAC
ROSUVASTATIN TAB 20MG,MAC
ATORVASTATIN TAB 40MG,MAC
ATORVASTATIN TAB 20MG,MAC
ATORVASTATIN TAB 20MG,MAC
ROSUVASTATIN TAB 40MG,MAC
ATORVASTATIN TAB 40MG,MAC
LOVASTATIN TAB 10MG,MAC
Atorvastatin Calcium Tab 40 MG (Base Equivalent),MAC
ATORVASTATIN TAB 40MG,MAC
ROSUVASTATIN TAB 10MG,MAC
ATORVASTATIN TAB 40MG,MAC
ATORVASTATIN TAB 20MG,MAC
ROSUVASTATIN TAB 10MG,MAC
ATORVASTATIN TAB 40MG,MAC
ROSUVASTATIN TAB 5MG,MAC
ATORVASTATIN TAB 20MG,MAC
ATORVASTATIN TAB 40MG,MAC
ATORVASTATIN TAB 40MG,MAC
ROSUVASTATIN TAB 5MG,MAC
Atorvastatin Calcium Tab 40 MG (Base Equivalent),MAC
ROSUVASTATIN TAB 40MG,MAC
ROSUVASTATIN TAB 5MG,MAC
ROSUVASTATIN TAB 5MG,MAC
Simvastatin Tab 40 MG,MAC
ATORVASTATIN TAB 80MG,MAC
Rosuvastatin Calcium Tab 5 MG,MAC
ATORVASTATIN TAB 40MG,MAC
ROSUVASTATIN TAB 20MG,MAC
ATORVASTATIN TAB 10MG,MAC
ATORVASTATIN TAB 10MG,MAC
ATORVASTATIN TAB 20MG,MAC
ATORVASTATIN TAB 40MG,MAC
ATORVASTATIN 10 MG TABLET,MAC
ATORVASTATIN TAB 20MG,MAC
ATORVASTATIN TAB 20MG,MAC
ATORVASTATIN TAB 80MG,MAC
ATORVASTATIN TAB 40MG,MAC
SIMVASTATIN TAB 20MG,MAC
ATORVASTATIN TAB 20MG,MAC
ATORVASTATIN 20 MG TABLET,MAC
ATORVASTATIN TAB 40MG,MAC
ROSUVASTATIN TAB 5MG,MAC
ATORVASTATIN TAB 40MG,MAC
ATORVASTATIN TAB 40MG,MAC
SIMVASTATIN TAB 10MG,MAC
ATORVASTATIN 20 MG TABLET,MAC
ATORVASTATIN TAB 40MG,MAC
Simvastatin Tab 40 MG,MAC
ATORVASTATIN TAB 40MG,MAC
Simvastatin Tab 20 MG,MAC
ATORVASTATIN TAB 40MG,MAC
ROSUVASTATIN TAB 20MG,MAC
ATORVASTATIN TAB 10MG,MAC
ATORVASTATIN 40 MG TABLET,MAC
Atorvastatin Calcium Tab 20 MG (Base Equivalent),MAC
Atorvastatin Calcium Tab 10 MG (Base Equivalent),MAC
ROSUVASTATIN TAB 20MG,MAC
ATORVASTATIN TAB 20MG,MAC
ATORVASTATIN TAB 20MG,MAC
ATORVASTATIN TAB 40MG,MAC
ATORVASTATIN 10 MG TABLET,MAC
ATORVASTATIN TAB 20MG,MAC
ATORVASTATIN TAB 40MG,MAC
ATORVASTATIN TAB 40MG,MAC
SIMVASTATIN TAB 40MG,MAC
ATORVASTATIN TAB 20MG,MAC
ROSUVASTATIN TAB 5MG,MAC
PRAVASTATIN TAB 10MG,MAC
ROSUVASTATIN TAB 20MG,MAC
SIMVASTATIN TAB 5MG,MAC
ATORVASTATIN 10 MG TABLET,MAC
ATORVASTATIN TAB 40MG,MAC
ATORVASTATIN TAB 40MG,MAC
ATORVASTATIN TAB 40MG,MAC
ATORVASTATIN TAB 20MG,MAC
ATORVASTATIN TAB 20MG,MAC
ATORVASTATIN TAB 10MG,MAC
ATORVASTATIN TAB 20MG,MAC
Atorvastatin Calcium Tab 20 MG (Base Equivalent),MAC
ATORVASTATIN TAB 20MG,MAC
ROSUVASTATIN TAB 5MG,MAC
ATORVASTATIN TAB 40MG,MAC
ROSUVASTATIN TAB 5MG,MAC
ATORVASTATIN TAB 40MG,MAC
ATORVASTATIN TAB 20MG,MAC
ROSUVASTATIN TAB 5MG,MAC
ROSUVASTATIN TAB 10MG,MAC
PRAVASTATIN TAB 40MG,MAC
ROSUVASTATIN CALCIUM 20 MG TAB,MAC
ROSUVASTATIN TAB 5MG,MAC
ATORVASTATIN TAB 40MG,MAC
ATORVASTATIN TAB 10MG,MAC
ATORVASTATIN TAB 20MG,MAC
ATORVASTATIN TAB 80MG,MAC
ATORVASTATIN TAB 40MG,MAC
ATORVASTATIN TAB 10MG,MAC
Pravastatin Sodium Tab 40 MG,MAC
ATORVASTATIN TAB 20MG,MAC
ATORVASTATIN 40 MG TABLET,MAC
ATORVASTATIN TAB 20MG,MAC
ATORVASTATIN TAB 80MG,MAC
ATORVASTATIN TAB 40MG,MAC
Pravastatin Sodium Tab 20 MG,MAC
ATORVASTATIN TAB 10MG,MAC
ATORVASTATIN TAB 80MG,MAC
ATORVASTATIN TAB 80MG,MAC
ATORVASTATIN TAB 10MG,MAC
ATORVASTATIN TAB 40MG,MAC
ATORVASTATIN TAB 40MG,MAC
ATORVASTATIN TAB 80MG,MAC
ATORVASTATIN TAB 80MG,MAC
ROSUVASTATIN TAB 5MG,MAC
ATORVASTATIN TAB 40MG,MAC
Rosuvastatin Calcium Tab 10 MG,MAC
ROSUVASTATIN CALCIUM 5 MG TAB,MAC
ATORVASTATIN TAB 80MG,MAC
ATORVASTATIN TAB 10MG,MAC
ATORVASTATIN TAB 40MG,MAC
ATORVASTATIN TAB 40MG,MAC
Atorvastatin Calcium Tab 20 MG (Base Equivalent),MAC
ATORVASTATIN TAB 40MG,MAC
ATORVASTATIN TAB 20MG,MAC
ATORVASTATIN TAB 40MG,MAC
ATORVASTATIN TAB 40MG,MAC
ATORVASTATIN TAB 20MG,MAC
ATORVASTATIN TAB 40MG,MAC
ATORVASTATIN 40 MG TABLET,MAC
ATORVASTATIN TAB 20MG,MAC
ATORVASTATIN TAB 40MG,MAC
ATORVASTATIN TAB 80MG,MAC
Lovastatin Tab 20 MG,MAC
Rosuvastatin Calcium Tab 10 MG,MAC
ATORVASTATIN 40 MG TABLET,MAC
PRAVASTATIN TAB 10MG,MAC
ROSUVASTATIN TAB 20MG,MAC
ATORVASTATIN 20 MG TABLET,MAC
ATORVASTATIN TAB 10MG,MAC
ATORVASTATIN TAB 40MG,MAC
PRAVASTATIN SODIUM 40 MG TAB,MAC
SIMVASTATIN 10 MG TABLET,MAC
ROSUVASTATIN TAB 10MG,MAC
ROSUVASTATIN TAB 5MG,MAC
ATORVASTATIN TAB 10MG,MAC
Atorvastatin Calcium Tab 10 MG (Base Equivalent),MAC
SIMVASTATIN TAB 40MG,MAC
ATORVASTATIN TAB 20MG,MAC
ATORVASTATIN TAB 20MG,MAC
SIMVASTATIN TAB 40MG,MAC
SIMVASTATIN 20 MG TABLET,MAC
ATORVASTATIN TAB 40MG,MAC
ROSUVASTATIN TAB 20MG,MAC
ATORVASTATIN 80 MG TABLET,MAC
Atorvastatin Calcium Tab 20 MG (Base Equivalent),MAC
ATORVASTATIN CALCIUM TAB 20MG,MAC
SIMVASTATIN TAB 40MG,MAC
ATORVASTATIN TAB 10MG,MAC
ATORVASTATIN 20 MG TABLET,MAC
ATORVASTATIN TAB 40MG,MAC
PRAVASTATIN TAB 20MG,MAC
ROSUVASTATIN TAB 20MG,MAC
ATORVASTATIN TAB 80MG,MAC
ATORVASTATIN TAB 10MG,MAC
Simvastatin Tab 20 MG,MAC
LOVASTATIN TAB 20MG,MAC
ROSUVASTATIN TAB 20MG,MAC
ATORVASTATIN TAB 80MG,MAC
Rosuvastatin Calcium Tab 5 MG,MAC
ATORVASTATIN TAB 40MG,MAC
ATORVASTATIN TAB 40MG,MAC
SIMVASTATIN TAB 40MG,MAC
ROSUVASTATIN TAB 40MG,MAC
ATORVASTATIN 40 MG TABLET,MAC
PRAVASTATIN TAB 10MG,MAC
Pravastatin Sodium Tab 40 MG,MAC
ATORVASTATIN TAB 10MG,MAC
ROSUVASTATIN TAB 10MG,MAC
ATORVASTATIN TAB 10MG,MAC
Atorvastatin Calcium Tab 40 MG (Base Equivalent),MAC
ATORVASTATIN TAB 10MG,MAC
SIMVASTATIN TAB 20MG,MAC
ROSUVASTATIN TAB 5MG,MAC
ATORVASTATIN TAB 80MG,MAC
Simvastatin Tab 20 MG,MAC
ROSUVASTATIN TAB 10MG,MAC
ATORVASTATIN TAB 40MG,MAC
ATORVASTATIN TAB 40MG,MAC
Atorvastatin Calcium Tab 40 MG (Base Equivalent),MAC
ATORVASTATIN 40 MG TABLET,MAC
ATORVASTATIN TAB 40MG,MAC
ATORVASTATIN TAB 80MG,MAC
ROSUVASTATIN TAB 10MG,MAC
ATORVASTATIN TAB 10MG,MAC
PRAVASTATIN TAB 10MG,MAC
ROSUVASTATIN TAB 10MG,MAC
SIMVASTATIN 40 MG TABLET,MAC
ATORVASTATIN TAB 40MG,MAC
Rosuvastatin Calcium Tab 5 MG,MAC
ROSUVASTATIN TAB 40MG,MAC
ATORVASTATIN TAB 20MG,MAC
Atorvastatin Calcium Tab 40 MG (Base Equivalent),MAC
Atorvastatin Calcium Tab 20 MG (Base Equivalent),MAC
ROSUVASTATIN CALCIUM 40 MG TAB,MAC
ATORVASTATIN TAB 20MG,MAC
ATORVASTATIN TAB 10MG,MAC
ROSUVASTATIN TAB 20MG,MAC
ATORVASTATIN TAB 20MG,MAC
FLUVASTATIN CAP 20MG,MAC
ATORVASTATIN 20 MG TABLET,MAC
ATORVASTATIN 80 MG TABLET,MAC
ATORVASTATIN TAB 20MG,MAC
ATORVASTATIN TAB 40MG,MAC
ATORVASTATIN 20 MG TABLET,MAC
ATORVASTATIN TAB 10MG,MAC
ATORVASTATIN TAB 20MG,MAC
ROSUVASTATIN TAB 40MG,MAC
ATORVASTATIN TAB 40MG,MAC
ROSUVASTATIN TAB 40MG,MAC
Rosuvastatin Calcium Tab 10 MG,MAC
ATORVASTATIN TAB 80MG,MAC
ATORVASTATIN 10 MG TABLET,MAC
ROSUVASTATIN TAB 10MG,MAC
ATORVASTATIN 10 MG TABLET,MAC
ATORVASTATIN TAB 20MG,MAC
ATORVASTATIN TAB 20MG,MAC
ATORVASTATIN TAB 40MG,MAC
ATORVASTATIN TAB 40MG,MAC
ROSUVASTATIN TAB 10MG,MAC
ATORVASTATIN TAB 10MG,MAC
ATORVASTATIN 80 MG TABLET,MAC
ATORVASTATIN TAB 20MG,MAC
ROSUVASTATIN TAB 20MG,MAC
Simvastatin Tab 20 MG,MAC
SIMVASTATIN TAB 40MG,MAC
ATORVASTATIN TAB 40MG,MAC
ATORVASTATIN TAB 20MG,MAC
ATORVASTATIN TAB 40MG,MAC
ATORVASTATIN TAB 20MG,MAC
PRAVASTATIN TAB 40MG,MAC
ATORVASTATIN TAB 80MG,MAC
ATORVASTATIN TAB 20MG,MAC
PRAVASTATIN TAB 80MG,MAC
ATORVASTATIN TAB 10MG,MAC
ATORVASTATIN TAB 10MG,MAC
Atorvastatin Calcium Tab 80 MG (Base Equivalent),MAC
ATORVASTATIN TAB 80MG,MAC
ATORVASTATIN 10 MG TABLET,MAC
ATORVASTATIN TAB 10MG,MAC
PRAVASTATIN TAB 10MG,MAC
ATORVASTATIN 10 MG TABLET,MAC
ATORVASTATIN TAB 20MG,MAC
ATORVASTATIN TAB 40MG,MAC
SIMVASTATIN TAB 40MG,MAC
ATORVASTATIN TAB 20MG,MAC
ATORVASTATIN TAB 20MG,MAC
ATORVASTATIN TAB 10MG,MAC
ATORVASTATIN 40 MG TABLET,MAC
ROSUVASTATIN TAB 40MG,MAC
SIMVASTATIN TAB 20MG,MAC
ROSUVASTATIN CALCIUM TAB 10MG,MAC
ATORVASTATIN TAB 10MG,MAC
Atorvastatin Calcium Tab 20 MG (Base Equivalent),MAC
ATORVASTATIN TAB 40MG,MAC
Rosuvastatin Calcium Tab 40 MG,MAC
ATORVASTATIN TAB 40MG,MAC
ATORVASTATIN CALCIUM TAB 80MG,MAC
Atorvastatin Calcium Tab 10 MG (Base Equivalent),MAC
ATORVASTATIN 20 MG TABLET,MAC
Atorvastatin Calcium Tab 10 MG (Base Equivalent),MAC
ATORVASTATIN TAB 40MG,MAC
ATORVASTATIN 20 MG TABLET,MAC
Atorvastatin Calcium Tab 20 MG (Base Equivalent),MAC
Atorvastatin Calcium Tab 10 MG (Base Equivalent),MAC
ATORVASTATIN TAB 40MG,MAC
ROSUVASTATIN TAB 20MG,MAC
ATORVASTATIN TAB 20MG,MAC
ATORVASTATIN TAB 80MG,MAC
ATORVASTATIN TAB 40MG,MAC
ATORVASTATIN TAB 80MG,MAC
ROSUVASTATIN TAB 20MG,MAC
ATORVASTATIN TAB 40MG,MAC
PRAVASTATIN TAB 40MG,MAC
ATORVASTATIN TAB 40MG,MAC
SIMVASTATIN TAB 10MG,MAC
ATORVASTATIN TAB 40MG,MAC
ATORVASTATIN TAB 40MG,MAC
ATORVASTATIN 40 MG TABLET,MAC
SIMVASTATIN 10 MG TABLET,MAC
ATORVASTATIN TAB 10MG,MAC
ATORVASTATIN TAB 40MG,MAC
ATORVASTATIN TAB 20MG,MAC
ROSUVASTATIN CALCIUM TAB 10MG,MAC
ROSUVASTATIN TAB 5MG,MAC
ROSUVASTATIN CALCIUM 20 MG TAB,MAC
Atorvastatin Calcium Tab 10 MG (Base Equivalent),MAC
Atorvastatin Calcium Tab 40 MG (Base Equivalent),MAC
ATORVASTATIN TAB 40MG,MAC
ATORVASTATIN TAB 40MG,MAC
ATORVASTATIN TAB 20MG,MAC
ATORVASTATIN TAB 20MG,MAC
ATORVASTATIN TAB 40MG,MAC
ATORVASTATIN TAB 40MG,MAC
SIMVASTATIN 40 MG TABLET,MAC
ATORVASTATIN TAB 40MG,MAC
ATORVASTATIN TAB 40MG,MAC
ATORVASTATIN TAB 10MG,MAC
ATORVASTATIN TAB 20MG,MAC
ATORVASTATIN TAB 40MG,MAC
ROSUVASTATIN TAB 10MG,MAC
ATORVASTATIN TAB 40MG,MAC
ATORVASTATIN TAB 40MG,MAC
PRAVASTATIN TAB 80MG,MAC
ATORVASTATIN TAB 20MG,MAC
ATORVASTATIN TAB 20MG,MAC
ROSUVASTATIN CALCIUM 40 MG TAB,MAC
ATORVASTATIN TAB 40MG,MAC
ROSUVASTATIN CALCIUM 20 MG TAB,MAC
ATORVASTATIN TAB 20MG,MAC
ATORVASTATIN TAB 40MG,MAC
Rosuvastatin Calcium Tab 5 MG,MAC
Pravastatin Sodium Tab 80 MG,MAC
ATORVASTATIN TAB 40MG,MAC
ATORVASTATIN TAB 10MG,MAC
ATORVASTATIN TAB 40MG,MAC
ATORVASTATIN TAB 80MG,MAC
ATORVASTATIN TAB 20MG,MAC
ROSUVASTATIN CALCIUM 10 MG TAB,MAC
ATORVASTATIN TAB 80MG,MAC
ATORVASTATIN TAB 40MG,MAC
ROSUVASTATIN TAB 20MG,MAC
ATORVASTATIN 20 MG TABLET,MAC
ATORVASTATIN 20 MG TABLET,MAC
ATORVASTATIN TAB 40MG,MAC
ATORVASTATIN 10 MG TABLET,MAC
ATORVASTATIN TAB 40MG,MAC
SIMVASTATIN TAB 20MG,MAC
ATORVASTATIN TAB 20MG,MAC
ATORVASTATIN 20 MG TABLET,MAC
ROSUVASTATIN TAB 40MG,MAC
ATORVASTATIN TAB 80MG,MAC
ROSUVASTATIN TAB 5MG,MAC
ROSUVASTATIN TAB 5MG,MAC
LOVASTATIN TAB 20MG,MAC
ATORVASTATIN TAB 40MG,MAC
ROSUVASTATIN TAB 10MG,MAC
ATORVASTATIN 20 MG TABLET,MAC
ATORVASTATIN 10 MG TABLET,MAC
ATORVASTATIN TAB 40MG,MAC
Rosuvastatin Calcium Tab 10 MG,MAC
ATORVASTATIN 40 MG TABLET,MAC
PRAVASTATIN TAB 20MG,MAC
ROSUVASTATIN TAB 20MG,MAC
ATORVASTATIN 20 MG TABLET,MAC
ATORVASTATIN 40 MG TABLET,MAC
ATORVASTATIN 80 MG TABLET,MAC
SIMVASTATIN TAB 40MG,MAC
ATORVASTATIN TAB 40MG,MAC
ATORVASTATIN TAB 20MG,MAC
ATORVASTATIN TAB 10MG,MAC
Atorvastatin Calcium Tab 40 MG (Base Equivalent),MAC
ATORVASTATIN TAB 10MG,MAC
ATORVASTATIN TAB 80MG,MAC
ATORVASTATIN TAB 40MG,MAC
ATORVASTATIN TAB 20MG,MAC
ATORVASTATIN TAB 80MG,MAC
ROSUVASTATIN TAB 40MG,MAC
ATORVASTATIN TAB 80MG,MAC
ATORVASTATIN 80 MG TABLET,MAC
SIMVASTATIN TAB 40MG,MAC
ATORVASTATIN TAB 40MG,MAC
ATORVASTATIN TAB 20MG,MAC
ATORVASTATIN TAB 40MG,MAC
ATORVASTATIN TAB 10MG,MAC
ATORVASTATIN 10 MG TABLET,MAC
SIMVASTATIN TAB 20MG,MAC
ATORVASTATIN TAB 20MG,MAC
ATORVASTATIN TAB 40MG,MAC
ROSUVASTATIN TAB 5MG,MAC
ATORVASTATIN TAB 80MG,MAC
ATORVASTATIN TAB 10MG,MAC
ATORVASTATIN 20 MG TABLET,MAC
ATORVASTATIN TAB 40MG,MAC
ATORVASTATIN TAB 10MG,MAC
ATORVASTATIN TAB 40MG,MAC
ATORVASTATIN TAB 10MG,MAC
PRAVASTATIN SODIUM 20 MG TAB,MAC
ROSUVASTATIN TAB 20MG,MAC
SIMVASTATIN TAB 40MG,MAC
ATORVASTATIN TAB 10MG,MAC
ROSUVASTATIN TAB 20MG,MAC
SIMVASTATIN TAB 80MG,MAC
ATORVASTATIN TAB 20MG,MAC
ATORVASTATIN TAB 20MG,MAC
ATORVASTATIN TAB 40MG,MAC
ATORVASTATIN TAB 80MG,MAC
ROSUVASTATIN TAB 20MG,MAC
ATORVASTATIN TAB 80MG,MAC
Simvastatin Tab 10 MG,MAC
Atorvastatin Calcium Tab 40 MG (Base Equivalent),MAC
ROSUVASTATIN TAB 10MG,MAC
ATORVASTATIN TAB 10MG,MAC
ATORVASTATIN TAB 40MG,MAC
ATORVASTATIN TAB 80MG,MAC
ROSUVASTATIN CALCIUM 5 MG TAB,MAC
ROSUVASTATIN TAB 20MG,MAC
LOVASTATIN TAB 40MG,MAC
Atorvastatin Calcium Tab 40 MG (Base Equivalent),MAC
ATORVASTATIN TAB 40MG,MAC
ATORVASTATIN 40 MG TABLET,MAC
ATORVASTATIN TAB 40MG,MAC
ROSUVASTATIN CALCIUM 5 MG TAB,MAC
LOVASTATIN TAB 20MG,MAC
Atorvastatin Calcium Tab 80 MG (Base Equivalent),MAC
ATORVASTATIN 80 MG TABLET,MAC
ATORVASTATIN TAB 20MG,MAC
ATORVASTATIN TAB 40MG,MAC
PRAVASTATIN TAB 20MG,MAC
ATORVASTATIN TAB 10MG,MAC
Lovastatin Tab 20 MG,MAC
ATORVASTATIN TAB 40MG,MAC
SIMVASTATIN TAB 20MG,MAC
ROSUVASTATIN TAB 5MG,MAC
ATORVASTATIN TAB 20MG,MAC
ATORVASTATIN TAB 10MG,MAC
ATORVASTATIN TAB 80MG,MAC
ROSUVASTATIN TAB 10MG,MAC
ATORVASTATIN TAB 40MG,MAC
SIMVASTATIN TAB 20MG,MAC
ATORVASTATIN TAB 80MG,MAC
ATORVASTATIN TAB 80MG,MAC
Atorvastatin Calcium Tab 40 MG (Base Equivalent),MAC
ROSUVASTATIN TAB 40MG,MAC
Atorvastatin Calcium Tab 20 MG (Base Equivalent),MAC
ATORVASTATIN TAB 80MG,MAC
ROSUVASTATIN TAB 5MG,MAC
ATORVASTATIN TAB 10MG,MAC
ATORVASTATIN TAB 40MG,MAC
ATORVASTATIN TAB 80MG,MAC
ATORVASTATIN 20 MG TABLET,MAC
ATORVASTATIN TAB 10MG,MAC
SIMVASTATIN TAB 40MG,MAC
ATORVASTATIN TAB 80MG,MAC
ATORVASTATIN TAB 40MG,MAC
ATORVASTATIN TAB 80MG,MAC
ATORVASTATIN TAB 40MG,MAC
ROSUVASTATIN CALCIUM 40 MG TAB,MAC
ATORVASTATIN 10 MG TABLET,MAC
ATORVASTATIN TAB 40MG,MAC
SIMVASTATIN TAB 20MG,MAC
ROSUVASTATIN CALCIUM 20 MG TAB,MAC
PRAVASTATIN SODIUM 40 MG TAB,MAC
ROSUVASTATIN TAB 10MG,MAC
SIMVASTATIN TAB 20MG,MAC
ATORVASTATIN TAB 40MG,MAC
Simvastatin Tab 40 MG,MAC
SIMVASTATIN 20 MG TABLET,MAC
ATORVASTATIN 10 MG TABLET,MAC
ATORVASTATIN TAB 20MG,MAC
SIMVASTATIN TAB 40MG,MAC
ATORVASTATIN TAB 10MG,MAC
ATORVASTATIN TAB 80MG,MAC
ROSUVASTATIN TAB 5MG,MAC
ROSUVASTATIN TAB 5MG,MAC
ATORVASTATIN TAB 10MG,MAC
ATORVASTATIN TAB 20MG,MAC
ATORVASTATIN TAB 20MG,MAC
ROSUVASTATIN TAB 20MG,MAC
PRAVASTATIN SODIUM 10 MG TAB,MAC
Atorvastatin Calcium Tab 20 MG (Base Equivalent),MAC
ATORVASTATIN TAB 10MG,MAC
ATORVASTATIN 80 MG TABLET,MAC
ROSUVASTATIN TAB 40MG,MAC
ATORVASTATIN TAB 40MG,MAC
ROSUVASTATIN TAB 5MG,MAC
Atorvastatin Calcium Tab 20 MG (Base Equivalent),MAC
PRAVASTATIN TAB 40MG,MAC
ATORVASTATIN 40 MG TABLET,MAC
ROSUVASTATIN TAB 10MG,MAC
PRAVASTATIN TAB 20MG,MAC
SIMVASTATIN TAB 20MG,MAC
ATORVASTATIN TAB 40MG,MAC
Atorvastatin Calcium Tab 40 MG (Base Equivalent),MAC
ATORVASTATIN 40 MG TABLET,MAC
ATORVASTATIN 40 MG TABLET,MAC
ROSUVASTATIN TAB 20MG,MAC
ATORVASTATIN TAB 40MG,MAC
ATORVASTATIN 10 MG TABLET,MAC
ATORVASTATIN TAB 80MG,MAC
ATORVASTATIN TAB 10MG,MAC
ATORVASTATIN TAB 20MG,MAC
ATORVASTATIN TAB 10MG,MAC
ATORVASTATIN TAB 80MG,MAC
ATORVASTATIN TAB 20MG,MAC
ATORVASTATIN TAB 10MG,MAC
SIMVASTATIN TAB 40MG,MAC
ROSUVASTATIN TAB 10MG,MAC
SIMVASTATIN TAB 20MG,MAC
ATORVASTATIN TAB 80MG,MAC
ATORVASTATIN TAB 20MG,MAC
Simvastatin Tab 20 MG,MAC
ATORVASTATIN TAB 20MG,MAC
Atorvastatin Calcium Tab 40 MG (Base Equivalent),MAC
ATORVASTATIN TAB 10MG,MAC
ATORVASTATIN TAB 20MG,MAC
ATORVASTATIN 40 MG TABLET,MAC
PRAVASTATIN TAB 10MG,MAC
ATORVASTATIN TAB 40MG,MAC
ATORVASTATIN TAB 40MG,MAC
ATORVASTATIN TAB 40MG,MAC
ATORVASTATIN TAB 20MG,MAC
ATORVASTATIN TAB 40MG,MAC
ROSUVASTATIN TAB 10MG,MAC
ATORVASTATIN TAB 40MG,MAC
SIMVASTATIN TAB 20MG,MAC
ATORVASTATIN TAB 80MG,MAC
ATORVASTATIN TAB 20MG,MAC
ATORVASTATIN TAB 20MG,MAC
ROSUVASTATIN TAB 20MG,MAC
Rosuvastatin Calcium Tab 10 MG,MAC
ATORVASTATIN TAB 40MG,MAC
ATORVASTATIN TAB 40MG,MAC
ROSUVASTATIN TAB 5MG,MAC
SIMVASTATIN 20 MG TABLET,MAC
ROSUVASTATIN TAB 10MG,MAC
LOVASTATIN TAB 10MG,MAC
ATORVASTATIN TAB 40MG,MAC
Rosuvastatin Calcium Tab 20 MG,MAC
ROSUVASTATIN CALCIUM 20 MG TAB,MAC
ROSUVASTATIN CALCIUM 5 MG TAB,MAC
ATORVASTATIN TAB 40MG,MAC
Simvastatin Tab 40 MG,MAC
Atorvastatin Calcium Tab 20 MG (Base Equivalent),MAC
ROSUVASTATIN TAB 20MG,MAC
ROSUVASTATIN TAB 10MG,MAC
ROSUVASTATIN TAB 40MG,MAC
ATORVASTATIN TAB 10MG,MAC
ROSUVASTATIN TAB 10MG,MAC
ATORVASTATIN TAB 40MG,MAC
ATORVASTATIN TAB 40MG,MAC
ATORVASTATIN TAB 40MG,MAC
ROSUVASTATIN TAB 10MG,MAC
ATORVASTATIN TAB 80MG,MAC
PRAVASTATIN TAB 40MG,MAC
ATORVASTATIN TAB 20MG,MAC
Atorvastatin Calcium Tab 80 MG (Base Equivalent),MAC
ATORVASTATIN 10 MG TABLET,MAC
ATORVASTATIN TAB 10MG,MAC
ATORVASTATIN TAB 40MG,MAC
ROSUVASTATIN TAB 5MG,MAC
ATORVASTATIN TAB 40MG,MAC
ATORVASTATIN TAB 40MG,MAC
ATORVASTATIN 10 MG TABLET,MAC
ATORVASTATIN TAB 10MG,MAC
ATORVASTATIN TAB 40MG,MAC
SIMVASTATIN TAB 20MG,MAC
ATORVASTATIN TAB 40MG,MAC
SIMVASTATIN TAB 20MG,MAC
ATORVASTATIN TAB 40MG,MAC
ROSUVASTATIN TAB 10MG,MAC
ATORVASTATIN TAB 80MG,MAC
ROSUVASTATIN TAB 40MG,MAC
LOVASTATIN TAB 40MG,MAC
ATORVASTATIN TAB 40MG,MAC
ATORVASTATIN TAB 10MG,MAC
Simvastatin Tab 10 MG,MAC
ATORVASTATIN TAB 10MG,MAC
ROSUVASTATIN TAB 10MG,MAC
ROSUVASTATIN TAB 10MG,MAC
SIMVASTATIN TAB 20MG,MAC
ATORVASTATIN 40 MG TABLET,MAC
SIMVASTATIN TAB 20MG,MAC
ATORVASTATIN TAB 40MG,MAC
SIMVASTATIN TAB 20MG,MAC
ATORVASTATIN TAB 20MG,MAC
SIMVASTATIN TAB 40MG,MAC
ROSUVASTATIN TAB 10MG,MAC
ATORVASTATIN TAB 20MG,MAC
ROSUVASTATIN TAB 40MG,MAC
ATORVASTATIN TAB 40MG,MAC
ATORVASTATIN TAB 40MG,MAC
ATORVASTATIN TAB 20MG,MAC
ATORVASTATIN TAB 10MG,MAC
Atorvastatin Calcium Tab 40 MG (Base Equivalent),MAC
ATORVASTATIN TAB 20MG,MAC
ATORVASTATIN TAB 80MG,MAC
ATORVASTATIN TAB 20MG,MAC
ATORVASTATIN 20 MG TABLET,MAC
ROSUVASTATIN TAB 20MG,MAC
Atorvastatin Calcium Tab 20 MG (Base Equivalent),MAC
ATORVASTATIN TAB 20MG,MAC
ATORVASTATIN 10 MG TABLET,MAC
ATORVASTATIN TAB 20MG,MAC
ATORVASTATIN TAB 40MG,MAC
ATORVASTATIN TAB 40MG,MAC
ATORVASTATIN TAB 20MG,MAC
ATORVASTATIN TAB 10MG,MAC
SIMVASTATIN TAB 40MG,MAC
ATORVASTATIN 10 MG TABLET,MAC
ROSUVASTATIN TAB 10MG,MAC
Lovastatin Tab 20 MG,MAC
ATORVASTATIN TAB 40MG,MAC
ATORVASTATIN TAB 80MG,MAC
ATORVASTATIN TAB 40MG,MAC
ATORVASTATIN TAB 20MG,MAC
SIMVASTATIN TAB 10MG,MAC
ATORVASTATIN 40 MG TABLET,MAC
ATORVASTATIN TAB 40MG,MAC
ATORVASTATIN TAB 80MG,MAC
ATORVASTATIN TAB 40MG,MAC
ATORVASTATIN TAB 10MG,MAC
SIMVASTATIN TAB 40MG,MAC
SIMVASTATIN TAB 5MG,MAC
ATORVASTATIN TAB 80MG,MAC
ROSUVASTATIN TAB 10MG,MAC
ROSUVASTATIN TAB 20MG,MAC
ATORVASTATIN TAB 40MG,MAC
ROSUVASTATIN TAB 5MG,MAC
ATORVASTATIN TAB 40MG,MAC
ATORVASTATIN TAB 20MG,MAC
ATORVASTATIN TAB 80MG,MAC
ATORVASTATIN TAB 20MG,MAC
SIMVASTATIN 20 MG TABLET,MAC
ATORVASTATIN TAB 20MG,MAC
ATORVASTATIN TAB 80MG,MAC
ATORVASTATIN TAB 10MG,MAC
ATORVASTATIN TAB 10MG,MAC
ATORVASTATIN TAB 20MG,MAC
ATORVASTATIN TAB 40MG,MAC
ATORVASTATIN TAB 80MG,MAC
ROSUVASTATIN TAB 10MG,MAC
Rosuvastatin Calcium Tab 20 MG,MAC
ATORVASTATIN 10 MG TABLET,MAC
PRAVASTATIN TAB 40MG,MAC
ATORVASTATIN TAB 40MG,MAC
ROSUVASTATIN CALCIUM TAB 20MG,MAC
Atorvastatin Calcium Tab 80 MG (Base Equivalent),MAC
ATORVASTATIN TAB 20MG,MAC
PRAVASTATIN SODIUM TAB 20MG,MAC
ATORVASTATIN TAB 40MG,MAC
ATORVASTATIN TAB 40MG,MAC
ATORVASTATIN TAB 20MG,MAC
ROSUVASTATIN TAB 20MG,MAC
ATORVASTATIN TAB 10MG,MAC
Atorvastatin Calcium Tab 80 MG (Base Equivalent),MAC
ROSUVASTATIN TAB 20MG,MAC
ATORVASTATIN TAB 10MG,MAC
Atorvastatin Calcium Tab 20 MG (Base Equivalent),MAC
ATORVASTATIN TAB 80MG,MAC
ATORVASTATIN TAB 40MG,MAC
ATORVASTATIN TAB 10MG,MAC
PRAVASTATIN TAB 80MG,MAC
ATORVASTATIN 40 MG TABLET,MAC
ROSUVASTATIN TAB 20MG,MAC
ATORVASTATIN TAB 10MG,MAC
ATORVASTATIN TAB 40MG,MAC
ATORVASTATIN TAB 40MG,MAC
ATORVASTATIN TAB 10MG,MAC
PRAVASTATIN TAB 40MG,MAC
ROSUVASTATIN TAB 40MG,MAC
ATORVASTATIN TAB 40MG,MAC
ATORVASTATIN TAB 40MG,MAC
ATORVASTATIN TAB 40MG,MAC
ROSUVASTATIN TAB 10MG,MAC
ROSUVASTATIN TAB 40MG,MAC
ATORVASTATIN TAB 40MG,MAC
ROSUVASTATIN TAB 10MG,MAC
LOVASTATIN TAB 40MG,MAC
ATORVASTATIN TAB 20MG,MAC
ATORVASTATIN TAB 40MG,MAC
ATORVASTATIN TAB 10MG,MAC
ATORVASTATIN 20 MG TABLET,MAC
ATORVASTATIN TAB 20MG,MAC
ATORVASTATIN TAB 40MG,MAC
Atorvastatin Calcium Tab 20 MG (Base Equivalent),MAC
ROSUVASTATIN TAB 5MG,MAC
ROSUVASTATIN TAB 10MG,MAC
ATORVASTATIN TAB 80MG,MAC
SIMVASTATIN TAB 20MG,MAC
ATORVASTATIN TAB 80MG,MAC
ATORVASTATIN TAB 10MG,MAC
SIMVASTATIN TAB 20MG,MAC
ATORVASTATIN 10 MG TABLET,MAC
Rosuvastatin Calcium Tab 5 MG,MAC
ATORVASTATIN TAB 80MG,MAC
ATORVASTATIN 40 MG TABLET,MAC
ATORVASTATIN TAB 20MG,MAC
PRAVASTATIN TAB 10MG,MAC
ROSUVASTATIN TAB 20MG,MAC
SIMVASTATIN TAB 20MG,MAC
Atorvastatin Calcium Tab 40 MG (Base Equivalent),MAC
ATORVASTATIN TAB 10MG,MAC
ATORVASTATIN TAB 40MG,MAC
ATORVASTATIN TAB 40MG,MAC
ATORVASTATIN TAB 20MG,MAC
ATORVASTATIN TAB 40MG,MAC
ROSUVASTATIN TAB 20MG,MAC
ATORVASTATIN TAB 40MG,MAC
Atorvastatin Calcium Tab 20 MG (Base Equivalent),MAC
ATORVASTATIN TAB 10MG,MAC
ATORVASTATIN TAB 80MG,MAC
ROSUVASTATIN TAB 40MG,MAC
ATORVASTATIN TAB 40MG,MAC
ROSUVASTATIN TAB 20MG,MAC
ATORVASTATIN TAB 20MG,MAC
ATORVASTATIN TAB 10MG,MAC
ATORVASTATIN TAB 40MG,MAC
ATORVASTATIN 20 MG TABLET,MAC
Atorvastatin Calcium Tab 10 MG (Base Equivalent),MAC
ATORVASTATIN TAB 40MG,MAC
ATORVASTATIN TAB 20MG,MAC
ATORVASTATIN TAB 40MG,MAC
ATORVASTATIN TAB 20MG,MAC
SIMVASTATIN TAB 40MG,MAC
ATORVASTATIN 20 MG TABLET,MAC
ROSUVASTATIN CALCIUM 20 MG TAB,MAC
Pravastatin Sodium Tab 80 MG,MAC
ATORVASTATIN TAB 10MG,MAC
SIMVASTATIN TAB 10MG,MAC
ATORVASTATIN TAB 10MG,MAC
SIMVASTATIN TAB 10MG,MAC
ATORVASTATIN TAB 20MG,MAC
SIMVASTATIN TAB 10MG,MAC
ATORVASTATIN TAB 40MG,MAC
ATORVASTATIN TAB 40MG,MAC
ROSUVASTATIN TAB 5MG,MAC
ATORVASTATIN TAB 10MG,MAC
ATORVASTATIN TAB 80MG,MAC
ROSUVASTATIN TAB 10MG,MAC
SIMVASTATIN TAB 40MG,MAC
ATORVASTATIN 20 MG TABLET,MAC
ATORVASTATIN 40 MG TABLET,MAC
PRAVASTATIN TAB 80MG,MAC
ATORVASTATIN TAB 20MG,MAC
ATORVASTATIN TAB 40MG,MAC
ATORVASTATIN TAB 40MG,MAC
ROSUVASTATIN TAB 10MG,MAC
ROSUVASTATIN TAB 20MG,MAC
ROSUVASTATIN CALCIUM 5 MG TAB,MAC
ROSUVASTATIN TAB 10MG,MAC
ATORVASTATIN 10 MG TABLET,MAC
ATORVASTATIN TAB 20MG,MAC
ATORVASTATIN TAB 10MG,MAC
ATORVASTATIN TAB 20MG,MAC
ROSUVASTATIN TAB 40MG,MAC
SIMVASTATIN TAB 40MG,MAC
ATORVASTATIN TAB 20MG,MAC
ATORVASTATIN TAB 40MG,MAC
SIMVASTATIN TAB 20MG,MAC
ATORVASTATIN TAB 20MG,MAC
ATORVASTATIN TAB 10MG,MAC
ATORVASTATIN 10 MG TABLET,MAC
ROSUVASTATIN TAB 20MG,MAC
ATORVASTATIN 40 MG TABLET,MAC
ROSUVASTATIN TAB 40MG,MAC
ATORVASTATIN TAB 20MG,MAC
SIMVASTATIN 20 MG TABLET,MAC
ATORVASTATIN TAB 20MG,MAC
ATORVASTATIN TAB 20MG,MAC
ATORVASTATIN TAB 20MG,MAC
ATORVASTATIN TAB 80MG,MAC
ATORVASTATIN TAB 40MG,MAC
PRAVASTATIN TAB 40MG,MAC
ROSUVASTATIN TAB 5MG,MAC
ATORVASTATIN TAB 20MG,MAC
ATORVASTATIN TAB 40MG,MAC
ATORVASTATIN TAB 40MG,MAC
ATORVASTATIN TAB 80MG,MAC
ATORVASTATIN TAB 40MG,MAC
ATORVASTATIN TAB 20MG,MAC
ROSUVASTATIN TAB 40MG,MAC
PRAVASTATIN TAB 20MG,MAC
Rosuvastatin Calcium Tab 5 MG,MAC
LOVASTATIN TAB 40MG,MAC
ATORVASTATIN TAB 20MG,MAC
ATORVASTATIN 40 MG TABLET,MAC
ATORVASTATIN TAB 20MG,MAC
ATORVASTATIN TAB 20MG,MAC
ROSUVASTATIN TAB 40MG,MAC
ROSUVASTATIN TAB 10MG,MAC
ATORVASTATIN 80 MG TABLET,MAC
ATORVASTATIN TAB 20MG,MAC
ATORVASTATIN TAB 10MG,MAC
Atorvastatin Calcium Tab 40 MG (Base Equivalent),MAC
ATORVASTATIN TAB 40MG,MAC
ATORVASTATIN TAB 40MG,MAC
ATORVASTATIN 20 MG TABLET,MAC
ATORVASTATIN TAB 10MG,MAC
LOVASTATIN TAB 10MG,MAC
ATORVASTATIN 40 MG TABLET,MAC
ATORVASTATIN TAB 10MG,MAC
ATORVASTATIN TAB 40MG,MAC
Simvastatin Tab 10 MG,MAC
SIMVASTATIN TAB 40MG,MAC
ATORVASTATIN TAB 40MG,MAC
ATORVASTATIN TAB 10MG,MAC
ATORVASTATIN TAB 40MG,MAC
ATORVASTATIN TAB 20MG,MAC
ATORVASTATIN TAB 80MG,MAC
ROSUVASTATIN TAB 20MG,MAC
ROSUVASTATIN TAB 10MG,MAC
ATORVASTATIN TAB 80MG,MAC
PRAVASTATIN TAB 40MG,MAC
ATORVASTATIN TAB 80MG,MAC
LOVASTATIN 10 MG TABLET,MAC
ATORVASTATIN TAB 10MG,MAC
ATORVASTATIN 80 MG TABLET,MAC
ATORVASTATIN TAB 10MG,MAC
ATORVASTATIN TAB 40MG,MAC
ATORVASTATIN TAB 10MG,MAC
ATORVASTATIN TAB 40MG,MAC
ATORVASTATIN TAB 40MG,MAC
ATORVASTATIN TAB 10MG,MAC
ATORVASTATIN TAB 10MG,MAC
ATORVASTATIN TAB 20MG,MAC
ATORVASTATIN 40 MG TABLET,MAC
ATORVASTATIN TAB 20MG,MAC
ATORVASTATIN 20 MG TABLET,MAC
ROSUVASTATIN TAB 40MG,MAC
ATORVASTATIN TAB 40MG,MAC
ROSUVASTATIN TAB 10MG,MAC
ROSUVASTATIN TAB 40MG,MAC
ATORVASTATIN TAB 40MG,MAC
ATORVASTATIN TAB 40MG,MAC
ROSUVASTATIN TAB 10MG,MAC
ROSUVASTATIN TAB 20MG,MAC
ATORVASTATIN TAB 40MG,MAC
SIMVASTATIN 20 MG TABLET,MAC
ROSUVASTATIN TAB 20MG,MAC
PRAVASTATIN TAB 10MG,MAC
LOVASTATIN 40 MG TABLET,MAC
ROSUVASTATIN TAB 5MG,MAC
ATORVASTATIN TAB 40MG,MAC
Atorvastatin Calcium Tab 10 MG (Base Equivalent),MAC
ROSUVASTATIN TAB 20MG,MAC
ATORVASTATIN 40 MG TABLET,MAC
SIMVASTATIN TAB 20MG,MAC
PRAVASTATIN TAB 80MG,MAC
SIMVASTATIN TAB 40MG,MAC
ATORVASTATIN 80 MG TABLET,MAC
ATORVASTATIN TAB 20MG,MAC
ROSUVASTATIN TAB 10MG,MAC
ATORVASTATIN 40 MG TABLET,MAC
ROSUVASTATIN TAB 20MG,MAC
ROSUVASTATIN TAB 20MG,MAC
GLIPIZIDE TAB 10MG,MAD
METFORMIN TAB 1000MG,MAD
JANUMET XR TAB 50-1000,MAD
JARDIANCE TAB 25MG,MAD
JARDIANCE 10 MG TABLET,MAD
OZEMPIC INJ 2MG/3ML,MAD
GLIPIZIDE TAB 10MG,MAD
RYBELSUS TAB 14MG,MAD
METFORMIN TAB 500MG,MAD
DAPAGLIFLOZI TAB 5MG,MAD
METFORMIN TAB 1000MG,MAD
RYBELSUS TAB 7MG,MAD
JARDIANCE TAB 10MG,MAD
Mounjaro (Tirzepatide Soln Auto-injector 5 MG/0.5ML),MAD
"METFORMIN HCL 1,000 MG TABLET",MAD
METFORMIN TAB 500MG,MAD
METFORMIN TAB 500MG ER,MAD
METFORMIN TAB 500MG,MAD
JANUMET TAB 50-1000,MAD
TRULICITY INJ 1.5/0.5,MAD
OZEMPIC 2 MG/DOSE (8 MG/3 ML),MAD
METFORMIN TAB 500MG,MAD
TRULICITY INJ 0.75/0.5,MAD
Janumet (Sitagliptin Phosphate-Metformin HCl Tab 50-1000 MG),MAD
PIOGLITAZONE TAB 15MG,MAD
METFORMIN TAB 500MG ER,MAD
METFORMIN TAB 500MG,MAD
GLIMEPIRIDE TAB 1MG,MAD
GLIMEPIRIDE TAB 2MG,MAD
METFORMIN TAB 500MG,MAD
FARXIGA TAB 10MG,MAD
FARXIGA TAB 10MG,MAD
METFORMIN TAB 1000MG,MAD
METFORMIN TAB 500MG,MAD
TRULICITY INJ 3/0.5,MAD
METFORMIN TAB 500MG,MAD
Trulicity (Dulaglutide Soln Auto-injector 1.5 MG/0.5ML),MAD
METFORMIN TAB 500MG,MAD
GLIPIZIDE ER TAB 10MG,MAD
METFORMIN TAB 1000MG,MAD
METFORMIN HCL 500 MG TABLET,MAD
Metformin HCl Tab 500 MG,MAD
Dapagliflozin Propanediol Tab 10 MG (Base Equivalent),MAD
METFORMIN TAB 500MG,MAD
MOUNJARO INJ 12.5/0.5,MAD
RYBELSUS TAB 14MG,MAD
JANUVIA TAB 100MG,MAD
METFORMIN TAB 1000MG,MAD
OZEMPIC INJ 8MG/3ML,MAD
METFORMIN TAB 500MG ER,MAD
GLIPIZIDE ER TAB 2.5MG,MAD
METFORMIN TAB 1000MG,MAD
METFORMIN TAB 500MG,MAD
JARDIANCE TAB 25MG,MAD
METFORMIN TAB 1000MG,MAD
METFORMIN TAB 850MG,MAD
OZEMPIC INJ 8MG/3ML,MAD
FARXIGA TAB 5MG,MAD
METFORMIN TAB 500MG,MAD
MOUNJARO INJ 2.5/0.5,MAD
METFORMIN TAB 1000MG,MAD
METFORMIN TAB 500MG,MAD
GLIMEPIRIDE TAB 4MG,MAD
JARDIANCE TAB 10MG,MAD
GLIPIZIDE TAB 10MG,MAD
TRULICITY INJ 0.75/0.5,MAD
TRULICITY INJ 1.5/0.5,MAD
METFORMIN TAB 500MG,MAD
METFORMIN TAB 1000MG,MAD
JANUMET XR TAB 100-1000,MAD
METFORMIN TAB 500MG ER,MAD
GLIPIZIDE TAB 5MG,MAD
OZEMPIC INJ 4MG/3ML,MAD
METFORMIN TAB 500MG ER,MAD
MOUNJARO INJ 10MG/0.5,MAD
JARDIANCE TAB 10MG,MAD
OZEMPIC INJ 8MG/3ML,MAD
OZEMPIC INJ 2MG/3ML,MAD
MOUNJARO INJ 7.5/0.5,MAD
GLIPIZIDE TAB 5MG,MAD
JARDIANCE TAB 10MG,MAD
METFORMIN TAB 500MG,MAD
METFORMIN TAB 500MG ER,MAD
JANUVIA TAB 100MG,MAD
METFORMIN TAB 500MG ER,MAD
JANUVIA TAB 100MG,MAD
JARDIANCE TAB 25MG,MAD
METFORMIN HCL 500 MG TABLET,MAD
METFORMIN TAB 500MG,MAD
METFORMIN TAB 1000MG,MAD
TRULICITY INJ 0.75/0.5,MAD
METFORMIN HCL 500 MG TABLET,MAD
JARDIANCE TAB 10MG,MAD
METFORMIN TAB 1000MG,MAD
METFORMIN TAB 1000MG,MAD
OZEMPIC INJ 2MG/3ML,MAD
METFORMIN TAB 500MG ER,MAD
METFORMIN TAB 1000MG,MAD
METFORMIN TAB 500MG ER,MAD
OZEMPIC INJ 2MG/3ML,MAD
"METFORMIN HCL 1,000 MG TABLET",MAD
METFORMIN TAB 1000MG,MAD
OZEMPIC INJ 2MG/3ML,MAD
GLIPIZIDE TAB 10MG,MAD
METFORMIN TAB 1000MG,MAD
FARXIGA TAB 5MG,MAD
METFORMIN TAB 500MG,MAD
RYBELSUS TAB 7MG,MAD
MOUNJARO INJ 2.5/0.5,MAD
METFORMIN TAB 500MG,MAD
METFORMIN TAB 500MG,MAD
OZEMPIC INJ 8MG/3ML,MAD
METFORMIN TAB 500MG,MAD
METFORMIN TAB 500MG,MAD
GLIPIZIDE 5 MG TABLET,MAD
JARDIANCE TAB 25MG,MAD
METFORMIN TAB 500MG ER,MAD
METFORMIN TAB 500MG ER,MAD
GLIPIZIDE TAB 5MG,MAD
JARDIANCE TAB 10MG,MAD
METFORMIN TAB 1000MG,MAD
METFORMIN TAB 500MG,MAD
METFORMIN TAB 500MG ER,MAD
MOUNJARO INJ 5MG/0.5,MAD
GLIPIZIDE TAB 10MG,MAD
METFORMIN TAB 500MG,MAD
METFORMIN TAB 1000MG,MAD
JANUMET TAB 50-1000,MAD
JARDIANCE TAB 25MG,MAD
TRULICITY INJ 0.75/0.5,MAD
METFORMIN TAB 500MG,MAD
JARDIANCE TAB 25MG,MAD
TRULICITY INJ 1.5/0.5,MAD
Metformin HCl Tab 1000 MG,MAD
PIOGLITAZONE TAB 45MG,MAD
METFORMIN TAB 1000MG,MAD
MOUNJARO INJ 5MG/0.5,MAD
METFORMIN TAB 500MG ER,MAD
TRULICITY INJ 3/0.5,MAD
TRULICITY INJ 3/0.5,MAD
PIOGLITAZONE TAB 30MG,MAD
TRULICITY INJ 1.5/0.5,MAD
FARXIGA TAB 10MG,MAD
METFORMIN TAB 1000MG,MAD
OZEMPIC 0.25-0.5 MG/DOSE PEN,MAD
FARXIGA TAB 5MG,MAD
METFORMIN TAB 1000MG,MAD
Farxiga (Dapagliflozin Propanediol Tab 10 MG (Base Equivalent)),MAD
JANUVIA TAB 100MG,MAD
METFORMIN TAB 1000MG,MAD
METFORMIN TAB 500MG,MAD
JANUMET TAB 50-500MG,MAD
GLIPIZIDE ER TAB 10MG,MAD
OZEMPIC INJ 4MG/3ML,MAD
METFORMIN TAB 500MG,MAD
FARXIGA TAB 5MG,MAD
METFORMIN TAB 500MG ER,MAD
METFORMIN TAB 500MG ER,MAD
MOUNJARO INJ 5MG/0.5,MAD
METFORMIN TAB 500MG,MAD
PIOGLITAZONE TAB 15MG,MAD
Metformin HCl Tab 500 MG,MAD
GLIPIZIDE TAB 10MG,MAD
JANUVIA TAB 50MG,MAD
JARDIANCE TAB 25MG,MAD
GLIPIZIDE TAB 5MG,MAD
PIOGLITAZONE TAB 45MG,MAD
METFORMIN TAB 1000MG,MAD
PIOGLITAZONE TAB 45MG,MAD
JARDIANCE TAB 10MG,MAD
JARDIANCE TAB 25MG,MAD
METFORMIN TAB 1000MG,MAD
TRULICITY INJ 0.75/0.5,MAD
FARXIGA TAB 10MG,MAD
JARDIANCE TAB 25MG,MAD
METFORMIN TAB 1000MG,MAD
TRULICITY INJ 3/0.5,MAD
JANUVIA TAB 100MG,MAD
METFORMIN TAB 1000MG,MAD
RYBELSUS 14 MG TABLET,MAD
Farxiga (Dapagliflozin Propanediol Tab 5 MG (Base Equivalent)),MAD
Pioglitazone HCl Tab 15 MG (Base Equiv),MAD
METFORMIN TAB 500MG ER,MAD
METFORMIN TAB 500MG,MAD
METFORMIN TAB 850MG,MAD
JARDIANCE TAB 10MG,MAD
METFORMIN TAB 500MG,MAD
DAPAGLIFLOZI TAB 10MG,MAD
METFORMIN TAB 500MG,MAD
METFORMIN TAB 500MG,MAD
METFORMIN TAB 500MG,MAD
METFORMIN TAB 1000MG,MAD
METFORMIN TAB 500MG,MAD
METFORMIN TAB 500MG,MAD
METFORMIN TAB 1000MG,MAD
GLIPIZIDE ER TAB 10MG,MAD
METFORMIN TAB 1000MG,MAD
METFORMIN TAB 500MG,MAD
GLIPIZIDE TAB 10MG,MAD
TRULICITY INJ 3/0.5,MAD
METFORMIN TAB 500MG,MAD
TRULICITY INJ 0.75/0.5,MAD
FARXIGA TAB 10MG,MAD
JARDIANCE TAB 10MG,MAD
METFORMIN TAB 500MG ER,MAD
JARDIANCE TAB 10MG,MAD
METFORMIN TAB 1000MG,MAD
METFORMIN TAB 500MG ER,MAD
OZEMPIC INJ 8MG/3ML,MAD
GLIPIZIDE TAB 10MG,MAD
METFORMIN TAB 1000MG,MAD
GLIPIZIDE TAB 10MG,MAD
METFORMIN TAB 1000MG,MAD
METFORMIN TAB 1000MG,MAD
JARDIANCE TAB 25MG,MAD
METFORMIN TAB 1000MG,MAD
GLIPIZIDE TAB 5MG,MAD
JANUVIA TAB 100MG,MAD
METFORMIN TAB 500MG,MAD
METFORMIN TAB 500MG,MAD
METFORMIN TAB 1000MG,MAD
METFORMIN TAB 500MG,MAD
Metformin HCl Tab 1000 MG,MAD
GLIPIZIDE TAB 5MG,MAD
METFORMIN TAB 500MG,MAD
MOUNJARO INJ 12.5/0.5,MAD
"METFORMIN HCL 1,000 MG TABLET",MAD
Farxiga (Dapagliflozin Propanediol Tab 10 MG (Base Equivalent)),MAD
TRULICITY 0.75 MG/0.5 ML PEN,MAD
TRULICITY INJ 1.5/0.5,MAD
METFORMIN TAB 500MG,MAD
METFORMIN TAB 500MG,MAD
JANUVIA TAB 100MG,MAD
METFORMIN TAB 500MG ER,MAD
Metformin HCl Tab 500 MG,MAD
GLIPIZIDE ER TAB 2.5MG,MAD
GLIPIZIDE ER TAB 10MG,MAD
OZEMPIC INJ 2MG/3ML,MAD
FARXIGA 10 MG TABLET,MAD
METFORMIN TAB 500MG,MAD
Metformin HCl Tab 500 MG,MAD
METFORMIN TAB 500MG ER,MAD
FARXIGA TAB 5MG,MAD
METFORMIN TAB 500MG,MAD
GLIPIZIDE ER TAB 2.5MG,MAD
TRULICITY INJ 1.5/0.5,MAD
METFORMIN TAB 500MG,MAD
GLIPIZIDE ER TAB 10MG,MAD
METFORMIN TAB 1000MG,MAD
Metformin HCl Tab 500 MG,MAD
MOUNJARO INJ 5MG/0.5,MAD
Metformin HCl Tab ER 24HR Osmotic 500 MG,MAD
METFORMIN TAB 500MG,MAD
GLIMEPIRIDE TAB 2MG,MAD
TRADJENTA TAB 5MG,MAD
METFORMIN TAB 1000MG,MAD
TRADJENTA TAB 5MG,MAD
GLIPIZIDE TAB 10MG,MAD
METFORMIN TAB 1000MG,MAD
Metformin HCl Tab 1000 MG,MAD
JARDIANCE TAB 10MG,MAD
JARDIANCE TAB 25MG,MAD
METFORMIN TAB 500MG,MAD
METFORMIN TAB 500MG,MAD
GLIPIZIDE TAB 10MG,MAD
PIOGLITAZONE TAB 15MG,MAD
JARDIANCE TAB 25MG,MAD
Mounjaro (Tirzepatide Soln Auto-injector 5 MG/0.5ML),MAD
GLIPIZIDE TAB 5MG,MAD
JARDIANCE TAB 25MG,MAD
METFORMIN TAB 850MG,MAD
METFORMIN TAB 500MG,MAD
METFORMIN TAB 850MG,MAD
METFORMIN TAB 500MG,MAD
GLIPIZIDE 10 MG TABLET,MAD
METFORMIN TAB 500MG ER,MAD
TRULICITY INJ 4.5/0.5,MAD
SYNJARDY XR TAB,MAD
Metformin HCl Tab 1000 MG,MAD
JARDIANCE TAB 10MG,MAD
METFORMIN TAB 500MG,MAD
METFORMIN TAB 500MG,MAD
JARDIANCE TAB 10MG,MAD
METFORMIN TAB 500MG,MAD
GLIMEPIRIDE TAB 2MG,MAD
METFORMIN TAB 1000MG,MAD
OZEMPIC INJ 8MG/3ML,MAD
METFORMIN HCL 500 MG TABLET,MAD
METFORMIN TAB 500MG,MAD
METFORMIN HCL 500 MG TABLET,MAD
METFORMIN TAB 500MG,MAD
METFORMIN TAB 500MG ER,MAD
METFORMIN TAB 500MG ER,MAD
FARXIGA TAB 10MG,MAD
MOUNJARO INJ 5MG/0.5,MAD
METFORMIN TAB 500MG,MAD
OZEMPIC INJ 4MG/3ML,MAD
OZEMPIC INJ 8MG/3ML,MAD
JARDIANCE TAB 10MG,MAD
METFORMIN TAB 500MG ER,MAD
METFORMIN TAB 500MG,MAD
GLIPIZIDE ER 10 MG TABLET,MAD
OZEMPIC INJ 2MG/3ML,MAD
GLIPIZIDE TAB 10MG,MAD
METFORMIN TAB 500MG,MAD
TRULICITY INJ 3/0.5,MAD
PIOGLITAZONE TAB 15MG,MAD
TRULICITY INJ 0.75/0.5,MAD
METFORMIN TAB 1000MG,MAD
MOUNJARO INJ 2.5/0.5,MAD
TRULICITY INJ 3/0.5,MAD
JANUVIA 50 MG TABLET,MAD
METFORMIN TAB 1000MG,MAD
METFORMIN TAB 1000MG,MAD
METFORMIN TAB 1000MG,MAD
"METFORMIN HCL 1,000 MG TABLET",MAD
METFORMIN TAB 500MG ER,MAD
JARDIANCE TAB 25MG,MAD
RYBELSUS TAB 7MG,MAD
METFORMIN TAB 1000MG,MAD
Ozempic (2 MG/DOSE) (Semaglutide Soln Pen-inj 2 MG/DOSE (8 MG/3ML)),MAD
Glipizide Tab 5 MG,MAD
METFORMIN TAB 750MG ER,MAD
GLIPIZIDE 5 MG TABLET,MAD
METFORMIN TAB 1000MG,MAD
GLIPIZIDE TAB 10MG,MAD
JARDIANCE TAB 25MG,MAD
METFORMIN TAB 500MG ER,MAD
METFORMIN TAB 1000MG,MAD
GLIMEPIRIDE TAB 4MG,MAD
METFORMIN TAB 1000MG,MAD
JARDIANCE TAB 25MG,MAD
PIOGLITAZONE TAB 30MG,MAD
METFORMIN TAB 500MG,MAD
METFORMIN TAB 500MG,MAD
METFORMIN TAB 500MG,MAD
MOUNJARO INJ 2.5/0.5,MAD
"METFORMIN HCL 1,000 MG TABLET",MAD
OZEMPIC INJ 4MG/3ML,MAD
JARDIANCE TAB 10MG,MAD
JARDIANCE TAB 10MG,MAD
MOUNJARO INJ 15MG/0.5,MAD
METFORMIN HCL ER 500 MG TABLET,MAD
METFORMIN TAB 1000MG,MAD
JARDIANCE TAB 25MG,MAD
RYBELSUS TAB 14MG,MAD
METFORMIN TAB 500MG,MAD
JARDIANCE TAB 25MG,MAD
METFORMIN TAB 1000MG,MAD
METFORMIN TAB 500MG ER,MAD
METFORMIN TAB 500MG ER,MAD
MOUNJARO INJ 2.5/0.5,MAD
METFORMIN TAB 500MG,MAD
METFORMIN TAB 500MG,MAD
METFORMIN TAB 500MG,MAD
JANUVIA TAB 100MG,MAD
METFORMIN TAB 1000MG,MAD
MOUNJARO INJ 15MG/0.5,MAD
DAPAGLIFLOZI TAB 10MG,MAD
METFORMIN TAB 500MG,MAD
GLIPIZIDE TAB 5MG,MAD
JARDIANCE TAB 10MG,MAD
OZEMPIC INJ 4MG/3ML,MAD
JARDIANCE TAB 10MG,MAD
MOUNJARO INJ 2.5/0.5,MAD
JARDIANCE TAB 25MG,MAD
OZEMPIC INJ 8MG/3ML,MAD
GLIMEPIRIDE TAB 4MG,MAD
JARDIANCE TAB 25MG,MAD
OZEMPIC INJ 2MG/3ML,MAD
Farxiga (Dapagliflozin Propanediol Tab 10 MG (Base Equivalent)),MAD
JANUVIA TAB 50MG,MAD
METFORMIN TAB 1000MG,MAD
JARDIANCE 10 MG TABLET,MAD
METFORMIN TAB 500MG,MAD
OZEMPIC 2 MG/DOSE (8 MG/3 ML),MAD
GLIMEPIRIDE TAB 4MG,MAD
TRULICITY INJ 4.5/0.5,MAD
JARDIANCE TAB 10MG,MAD
RYBELSUS TAB 3MG,MAD
METFORMIN HCL 500 MG TABLET,MAD
MOUNJARO 2.5 MG/0.5 ML PEN,MAD
JARDIANCE 10 MG TABLET,MAD
MOUNJARO INJ 15MG/0.5,MAD
MOUNJARO INJ 7.5/0.5,MAD
METFORMIN TAB 500MG,MAD
MOUNJARO INJ 10MG/0.5,MAD
METFORMIN TAB 500MG,MAD
JARDIANCE TAB 25MG,MAD
METFORMIN TAB 1000MG,MAD
MOUNJARO INJ 15MG/0.5,MAD
GLIPIZIDE TAB 5MG,MAD
METFORMIN TAB 750MG ER,MAD
OZEMPIC INJ 8MG/3ML,MAD
METFORMIN TAB 500MG,MAD
MOUNJARO INJ 5MG/0.5,MAD
METFORMIN TAB 1000MG,MAD
MOUNJARO INJ 7.5/0.5,MAD
METFORMIN TAB 500MG ER,MAD
MOUNJARO INJ 7.5/0.5,MAD
GLIPIZIDE ER 5 MG TABLET,MAD
METFORMIN TAB 500MG,MAD
OZEMPIC INJ 4MG/3ML,MAD
OZEMPIC INJ 4MG/3ML,MAD
JARDIANCE TAB 10MG,MAD
PIOGLITAZONE TAB 15MG,MAD
METFORMIN TAB 1000MG,MAD
TRULICITY INJ 3/0.5,MAD
MOUNJARO INJ 10MG/0.5,MAD
METFORMIN HCL 500 MG TABLET,MAD
"METFORMIN HCL 1,000 MG TABLET",MAD
TRULICITY INJ 0.75/0.5,MAD
JARDIANCE TAB 25MG,MAD
METFORMIN TAB 500MG ER,MAD
METFORMIN TAB 500MG ER,MAD
METFORMIN TAB 500MG,MAD
GLIPIZIDE TAB 10MG,MAD
Ozempic (1 MG/DOSE) (Semaglutide Soln Pen-inj 1 MG/DOSE (4 MG/3ML)),MAD
GLIMEPIRIDE TAB 4MG,MAD
METFORMIN TAB 500MG ER,MAD
METFORMIN TAB 500MG,MAD
GLIMEPIRIDE TAB 1MG,MAD
OZEMPIC INJ 4MG/3ML,MAD
GLIPIZIDE ER TAB 10MG,MAD
OZEMPIC INJ 8MG/3ML,MAD
METFORMIN TAB 500MG,MAD
OZEMPIC INJ 2MG/3ML,MAD
METFORMIN TAB 500MG,MAD
METFORMIN TAB 500MG ER,MAD
OZEMPIC INJ 2MG/3ML,MAD
METFORMIN TAB 500MG,MAD
GLIPIZIDE ER TAB 5MG,MAD
METFORMIN TAB 1000MG,MAD
METFORMIN TAB 500MG,MAD
OZEMPIC INJ 2MG/3ML,MAD
METFORMIN HCL 500 MG TABLET,MAD
METFORMIN TAB 1000MG,MAD
METFORMIN TAB 500MG,MAD
METFORMIN TAB 500MG,MAD
METFORMIN HCL 500 MG TABLET,MAD
JANUVIA TAB 100MG,MAD
METFORMIN TAB 500MG,MAD
TRULICITY 1.5 MG/0.5 ML PEN,MAD
MOUNJARO INJ 10MG/0.5,MAD
PIOGLITAZONE TAB 30MG,MAD
METFORMIN TAB 500MG,MAD
JANUMET TAB 50-500MG,MAD
TRULICITY INJ 0.75/0.5,MAD
GLIMEPIRIDE TAB 4MG,MAD
JANUVIA TAB 100MG,MAD
METFORMIN TAB 500MG ER,MAD
GLIPIZIDE TAB 10MG,MAD
METFORMIN TAB 1000MG,MAD
METFORMIN TAB 1000MG,MAD
METFORMIN TAB 500MG,MAD
FARXIGA TAB 10MG,MAD
Metformin HCl Tab 1000 MG,MAD
METFORMIN TAB 500MG,MAD
Rybelsus (Semaglutide Tab 3 MG),MAD
METFORMIN TAB 500MG,MAD
GLIPIZIDE TAB 10MG,MAD
JARDIANCE TAB 10MG,MAD
GLIPIZIDE ER 10 MG TABLET,MAD
METFORMIN TAB 500MG ER,MAD
JARDIANCE TAB 25MG,MAD
METFORMIN TAB 1000MG,MAD
OZEMPIC INJ 2MG/3ML,MAD
JARDIANCE TAB 10MG,MAD
JARDIANCE TAB 25MG,MAD
METFORMIN TAB 1000MG,MAD
METFORMIN HCL 500 MG TABLET,MAD
METFORMIN TAB 500MG,MAD
METFORMIN TAB 500MG,MAD
JARDIANCE TAB 25MG,MAD
METFORMIN TAB 1000MG,MAD
METFORMIN TAB 500MG,MAD
Glipizide Tab ER 24HR 5 MG,MAD
GLIPIZIDE ER 10 MG TABLET,MAD
GLIPIZIDE ER 2.5 MG TABLET,MAD
METFORMIN TAB 500MG,MAD
METFORMIN TAB 500MG,MAD
METFORMIN TAB 500MG,MAD
METFORMIN TAB 500MG ER,MAD
METFORMIN TAB 500MG ER,MAD
Metformin HCl Tab ER 24HR 500 MG,MAD
METFORMIN HCL ER 500 MG TABLET,MAD
JANUVIA TAB 25MG,MAD
METFORMIN TAB 500MG,MAD
MOUNJARO INJ 5MG/0.5,MAD
METFORMIN TAB 850MG,MAD
METFORMIN TAB 500MG,MAD
GLIPIZIDE TAB 5MG,MAD
GLIPIZIDE 5 MG TABLET,MAD
METFORMIN TAB 500MG,MAD
METFORMIN HCL 500 MG TABLET,MAD
METFORMIN TAB 500MG,MAD
MOUNJARO INJ 2.5/0.5,MAD
METFORMIN TAB 500MG ER,MAD
JARDIANCE TAB 25MG,MAD
OZEMPIC INJ 8MG/3ML,MAD
Glyxambi (Empagliflozin-Linagliptin Tab 10-5 MG),MAD
OZEMPIC INJ 8MG/3ML,MAD
METFORMIN TAB 1000MG,MAD
Januvia (Sitagliptin Phosphate Tab 25 MG (Base Equiv)),MAD
JANUVIA TAB 100MG,MAD
METFORMIN TAB 1000MG,MAD
METFORMIN TAB 500MG,MAD
METFORMIN TAB 500MG,MAD
JARDIANCE TAB 10MG,MAD
FARXIGA TAB 10MG,MAD
"JANUMET XR 50-1,000 MG TABLET",MAD
METFORMIN TAB 1000MG,MAD
TRULICITY INJ 1.5/0.5,MAD
METFORMIN TAB 500MG,MAD
METFORMIN TAB 1000MG,MAD
JARDIANCE TAB 10MG,MAD
GLIPIZIDE ER TAB 10MG,MAD
OZEMPIC INJ 2MG/3ML,MAD
JARDIANCE TAB 10MG,MAD
OZEMPIC INJ 4MG/3ML,MAD
"METFORMIN HCL 1,000 MG TABLET",MAD
Metformin HCl Tab 500 MG,MAD
"METFORMIN HCL 1,000 MG TABLET",MAD
GLIPIZIDE TAB 5MG,MAD
JARDIANCE TAB 25MG,MAD
METFORMIN TAB 500MG,MAD
METFORMIN TAB 500MG ER,MAD
MOUNJARO INJ 2.5/0.5,MAD
METFORMIN TAB 500MG,MAD
METFORMIN TAB 500MG ER,MAD
METFORMIN TAB 500MG ER,MAD
JARDIANCE TAB 10MG,MAD
METFORMIN TAB 1000MG,MAD
TRIJARDY XR TAB,MAD
TRULICITY INJ 0.75/0.5,MAD
Jardiance (Empagliflozin Tab 25 MG),MAD
METFORMIN TAB 500MG,MAD
PIOGLITAZONE TAB 30MG,MAD
METFORMIN TAB 750MG ER,MAD
METFORMIN HCL ER 500 MG TABLET,MAD
MOUNJARO INJ 5MG/0.5,MAD
GLIPIZIDE TAB 10MG,MAD
METFORMIN TAB 500MG,MAD
METFORMIN TAB 500MG,MAD
OZEMPIC INJ 4MG/3ML,MAD
JARDIANCE TAB 10MG,MAD
METFORMIN TAB 500MG,MAD
METFORMIN TAB 1000MG,MAD
METFORMIN TAB 500MG,MAD
OZEMPIC INJ 8MG/3ML,MAD
MOUNJARO INJ 10MG/0.5,MAD
JANUVIA TAB 100MG,MAD
METFORMIN TAB 750MG ER,MAD
METFORMIN TAB 500MG,MAD
OZEMPIC INJ 8MG/3ML,MAD
JARDIANCE TAB 10MG,MAD
METFORMIN TAB 1000MG,MAD
METFORMIN TAB 500MG,MAD
METFORMIN HCL ER 500 MG TABLET,MAD
METFORMIN TAB 1000MG,MAD
METFORMIN TAB 500MG ER,MAD
METFORMIN TAB 500MG,MAD
METFORMIN HCL ER 500 MG TABLET,MAD
FARXIGA TAB 5MG,MAD
METFORMIN TAB 500MG ER,MAD
Glipizide Tab 5 MG,MAD
METFORMIN TAB 500MG,MAD
OZEMPIC INJ 8MG/3ML,MAD
GLIPIZIDE TAB 10MG,MAD
JARDIANCE TAB 10MG,MAD
FARXIGA TAB 5MG,MAD
METFORMIN TAB 500MG ER,MAD
METFORMIN TAB 500MG ER,MAD
METFORMIN HCL 500 MG TABLET,MAD
GLIPIZIDE TAB 10MG,MAD
METFORMIN TAB 1000MG,MAD
METFORMIN TAB 500MG ER,MAD
OZEMPIC INJ 8MG/3ML,MAD
METFORMIN TAB 1000MG,MAD
METFORMIN TAB 500MG,MAD
METFORMIN TAB 500MG ER,MAD
GLIPIZIDE TAB 10MG,MAD
JANUMET XR TAB 50-1000,MAD
METFORMIN TAB 1000MG,MAD
TRULICITY INJ 1.5/0.5,MAD
"METFORMIN HCL 1,000 MG TABLET",MAD
METFORMIN HCL ER 500 MG TABLET,MAD
METFORMIN HCL ER 500 MG TABLET,MAD
METFORMIN TAB 1000MG,MAD
OZEMPIC INJ 8MG/3ML,MAD
METFORMIN TAB 500MG,MAD
GLIPIZIDE TAB 10MG,MAD
PIOGLITAZONE TAB 15MG,MAD
METFORMIN TAB 500MG,MAD
METFORMIN TAB 500MG,MAD
GLIPIZIDE ER TAB 10MG,MAD
METFORMIN TAB 850MG,MAD
FARXIGA TAB 10MG,MAD
Jardiance (Empagliflozin Tab 10 MG),MAD
METFORMIN TAB 1000MG,MAD
JANUVIA TAB 25MG,MAD
METFORMIN TAB 1000MG,MAD
METFORMIN TAB 500MG,MAD
"METFORMIN HCL 1,000 MG TABLET",MAD
METFORMIN TAB 500MG,MAD
FARXIGA TAB 5MG,MAD
GLIMEPIRIDE TAB 1MG,MAD
METFORMIN TAB 1000MG,MAD
METFORMIN TAB 500MG,MAD
METFORMIN TAB 500MG,MAD
GLIPIZIDE TAB 10MG,MAD
METFORMIN TAB 1000MG,MAD
METFORMIN TAB 500MG ER,MAD
GLIPIZIDE ER TAB 5MG,MAD
FARXIGA TAB 10MG,MAD
JARDIANCE TAB 10MG,MAD
METFORMIN TAB 500MG,MAD
GLIPIZIDE ER TAB 10MG,MAD
REPAGLINIDE TAB 0.5MG,MAD
JARDIANCE TAB 10MG,MAD
OZEMPIC 1 MG/DOSE (4 MG/3 ML),MAD
METFORMIN TAB 500MG,MAD
Metformin HCl Tab 500 MG,MAD
METFORMIN TAB 500MG,MAD
METFORMIN TAB 1000MG,MAD
METFORMIN TAB 500MG,MAD
METFORMIN TAB 1000MG,MAD
OZEMPIC INJ 8MG/3ML,MAD
JARDIANCE TAB 10MG,MAD
METFORMIN TAB 500MG,MAD
JARDIANCE TAB 25MG,MAD
METFORMIN TAB 1000MG,MAD
METFORMIN TAB 500MG,MAD
Farxiga (Dapagliflozin Propanediol Tab 10 MG (Base Equivalent)),MAD
JARDIANCE TAB 10MG,MAD
METFORMIN TAB 500MG,MAD
METFORMIN TAB 500MG,MAD
GLIPIZIDE TAB 10MG,MAD
JANUVIA TAB 100MG,MAD
METFORMIN TAB 500MG,MAD
MOUNJARO 5 MG/0.5 ML PEN,MAD
GLIPIZIDE TAB 5MG,MAD
GLIMEPIRIDE TAB 4MG,MAD
MOUNJARO INJ 5MG/0.5,MAD
JARDIANCE 10 MG TABLET,MAD
JARDIANCE TAB 10MG,MAD
TRULICITY INJ 3/0.5,MAD
METFORMIN TAB 500MG,MAD
METFORMIN TAB 500MG,MAD
GLIPIZIDE TAB 5MG,MAD
OZEMPIC INJ 8MG/3ML,MAD
OZEMPIC INJ 2MG/3ML,MAD
GLIPIZIDE ER TAB 10MG,MAD
METFORMIN TAB 1000MG,MAD
MOUNJARO INJ 12.5/0.5,MAD
MOUNJARO 2.5 MG/0.5 ML PEN,MAD
METFORMIN HCL 500 MG TABLET,MAD
TRULICITY INJ 0.75/0.5,MAD
MOUNJARO INJ 2.5/0.5,MAD
METFORMIN TAB 500MG,MAD
JANUMET XR TAB 50-1000,MAD
JARDIANCE TAB 10MG,MAD
JARDIANCE TAB 10MG,MAD
METFORMIN TAB 500MG,MAD
TRULICITY INJ 1.5/0.5,MAD
METFORMIN TAB 500MG ER,MAD
MOUNJARO INJ 7.5/0.5,MAD
JARDIANCE TAB 10MG,MAD
JARDIANCE TAB 25MG,MAD
METFORMIN TAB 1000MG,MAD
METFORMIN TAB 1000MG,MAD
OZEMPIC INJ 8MG/3ML,MAD
OZEMPIC INJ 8MG/3ML,MAD
GLIPIZIDE TAB 10MG,MAD
MOUNJARO INJ 2.5/0.5,MAD
TRADJENTA TAB 5MG,MAD
FARXIGA TAB 10MG,MAD
GLIPIZIDE ER TAB 10MG,MAD
METFORMIN HCL 500 MG TABLET,MAD
METFORMIN TAB 1000MG,MAD
METFORMIN TAB 500MG,MAD
GLIMEPIRIDE TAB 4MG,MAD
METFORMIN TAB 1000MG,MAD
METFORMIN TAB 500MG,MAD
TRULICITY INJ 1.5/0.5,MAD
OZEMPIC INJ 2MG/3ML,MAD
RYBELSUS TAB 3MG,MAD
FARXIGA TAB 10MG,MAD
METFORMIN HCL ER 500 MG TABLET,MAD
METFORMIN TAB 500MG,MAD
OZEMPIC INJ 8MG/3ML,MAD
JARDIANCE TAB 25MG,MAD
METFORMIN TAB 500MG,MAD
METFORMIN HCL 500 MG TABLET,MAD
RYBELSUS TAB 7MG,MAD
JARDIANCE TAB 10MG,MAD
METFORMIN TAB 1000MG,MAD
GLIPIZIDE TAB 5MG,MAD
MOUNJARO INJ 5MG/0.5,MAD
METFORMIN TAB 500MG,MAD
METFORMIN TAB 1000MG,MAD
MOUNJARO INJ 5MG/0.5,MAD
OZEMPIC INJ 2MG/3ML,MAD
METFORMIN TAB 1000MG,MAD
GLIPIZIDE TAB 10MG,MAD
METFORMIN TAB 1000MG,MAD
GLIPIZIDE TAB 5MG,MAD
METFORMIN TAB 750MG ER,MAD
JARDIANCE TAB 10MG,MAD
OZEMPIC INJ 4MG/3ML,MAD
METFORMIN TAB 500MG,MAD
JARDIANCE TAB 10MG,MAD
METFORMIN TAB 500MG ER,MAD
Glipizide Tab 5 MG,MAD
METFORMIN TAB 500MG ER,MAD
JARDIANCE TAB 10MG,MAD
METFORMIN TAB 1000MG,MAD
METFORMIN TAB 500MG ER,MAD
METFORMIN TAB 500MG,MAD
MOUNJARO INJ 7.5/0.5,MAD
PIOGLITAZONE TAB 15MG,MAD
OZEMPIC INJ 4MG/3ML,MAD
JARDIANCE TAB 10MG,MAD
JARDIANCE TAB 10MG,MAD
TRULICITY INJ 1.5/0.5,MAD
GLIMEPIRIDE TAB 4MG,MAD
OZEMPIC INJ 2MG/3ML,MAD
GLIPIZIDE TAB 10MG,MAD
RYBELSUS TAB 3MG,MAD
GLIPIZIDE TAB 5MG,MAD
MOUNJARO INJ 10MG/0.5,MAD
OZEMPIC INJ 2MG/3ML,MAD
METFORMIN TAB 500MG,MAD
JARDIANCE TAB 10MG,MAD
METFORMIN TAB 1000MG,MAD
METFORMIN TAB 500MG,MAD
METFORMIN TAB 1000MG,MAD
MOUNJARO INJ 12.5/0.5,MAD
METFORMIN TAB 500MG,MAD
GLIPIZIDE 5 MG TABLET,MAD
FARXIGA TAB 10MG,MAD
Metformin HCl Tab 500 MG,MAD
GLIMEPIRIDE TAB 2MG,MAD
JARDIANCE TAB 25MG,MAD
METFORMIN TAB 1000MG,MAD
TRADJENTA TAB 5MG,MAD
FARXIGA TAB 10MG,MAD
Januvia (Sitagliptin Phosphate Tab 50 MG (Base Equiv)),MAD
METFORMIN TAB 500MG,MAD
GLIPIZIDE ER TAB 10MG,MAD
METFORMIN TAB 1000MG,MAD
JARDIANCE TAB 25MG,MAD
METFORMIN TAB 500MG,MAD
GLIPIZIDE 5 MG TABLET,MAD
METFORMIN TAB 500MG,MAD
METFORMIN TAB 500MG ER,MAD
METFORMIN HCL 500 MG TABLET,MAD
FARXIGA TAB 10MG,MAD
GLIPIZIDE ER TAB 5MG,MAD
METFORMIN TAB 500MG,MAD
TRIJARDY XR TAB,MAD
TRULICITY INJ 3/0.5,MAD
METFORMIN TAB 500MG,MAD
METFORMIN TAB 1000MG,MAD
METFORMIN TAB 500MG ER,MAD
MOUNJARO INJ 10MG/0.5,MAD
Glipizide Tab 10 MG,MAD
JARDIANCE TAB 25MG,MAD
OZEMPIC INJ 4MG/3ML,MAD
GLIPIZIDE TAB 10MG,MAD
MOUNJARO INJ 15MG/0.5,MAD
METFORMIN TAB 500MG,MAD
JARDIANCE TAB 25MG,MAD
GLIPIZIDE TAB 10MG,MAD
METFORMIN TAB 850MG,MAD
LOSARTAN POT TAB 100MG,MAH
LISINOPRIL TAB 2.5MG,MAH
LISINOPRIL TAB 20MG,MAH
LISINOPRIL 10 MG TABLET,MAH
LISINOPRIL TAB 10MG,MAH
LOSARTAN-HCTZ 50-12.5 MG TAB,MAH
LOSARTAN POT TAB 25MG,MAH
VALSART/HCTZ TAB 160-12.5,MAH
LOSARTAN POT TAB 50MG,MAH
LISINOPRIL TAB 20MG,MAH
LISINOPRIL 40 MG TABLET,MAH
LOSARTAN POT TAB 50MG,MAH
LOSARTAN/HCT TAB 50-12.5,MAH
LOSARTAN POT TAB 100MG,MAH
LISINOPRIL TAB 40MG,MAH
Lisinopril Tab 20 MG,MAH
LOSARTAN POT TAB 100MG,MAH
LOSARTAN POT TAB 25MG,MAH
LISINOPRIL TAB 20MG,MAH
LOSARTAN/HCT TAB 100-12.5,MAH
LISINOPRIL 5 MG TABLET,MAH
LOSARTAN POTASSIUM 50 MG TAB,MAH
LISINOPRIL TAB 20MG,MAH
LISINOPRIL TAB 5MG,MAH
LISINOPRIL TAB 20MG,MAH
LISINOPRIL TAB 2.5MG,MAH
LOSARTAN POT TAB 25MG,MAH
LISINOPRIL TAB 20MG,MAH
LOSARTAN POT TAB 50MG,MAH
LISINOPRIL TAB 20MG,MAH
LISINOPRIL TAB 5MG,MAH
IRBESARTAN TAB 75MG,MAH
LISINOPRIL-HCTZ 20-12.5 MG TAB,MAH
LISINOPRIL TAB 20MG,MAH
LOSARTAN POTASSIUM 25 MG TAB,MAH
Lisinopril Tab 10 MG,MAH
LOSARTAN POTASSIUM 25 MG TAB,MAH
LOSARTAN POT TAB 50MG,MAH
LOSARTAN POT TAB 50MG,MAH
LISINOPRIL TAB 40MG,MAH
LISINOPRIL 30 MG TABLET,MAH
LISINOPRIL TAB 20MG,MAH
LISINOPRIL TAB 40MG,MAH
LISINOPRIL TAB 10MG,MAH
LISINOPRIL TAB 10MG,MAH
VALSARTAN TAB 160MG,MAH
LOSARTAN POT TAB 50MG,MAH
LISINOPRIL TAB 40MG,MAH
LISINOPRIL TAB 2.5MG,MAH
LISINOPRIL TAB 5MG,MAH
IRBESARTAN TAB 300MG,MAH
LISINOP/HCTZ TAB 20-25MG,MAH
LISINOPRIL TAB 10MG,MAH
LISINOPRIL TAB 40MG,MAH
VALSARTAN TAB 320MG,MAH
LISINOPRIL TAB 40MG,MAH
LISINOP/HCTZ TAB 20-12.5,MAH
LISINOPRIL TAB 40MG,MAH
LOSARTAN POT TAB 100MG,MAH
LISINOPRIL TAB 40MG,MAH
LISINOP/HCTZ TAB 20-25MG,MAH
LISINOPRIL 40 MG TABLET,MAH
LOSARTAN POTASSIUM 100 MG TAB,MAH
LISINOPRIL TAB 2.5MG,MAH
LISINOPRIL TAB 20MG,MAH
Losartan Potassium Tab 100 MG,MAH
LOSARTAN/HCT TAB 50-12.5,MAH
LISINOPRIL TAB 20MG,MAH
TELMISA/HCTZ TAB 80-25MG,MAH
LISINOPRIL TAB 10MG,MAH
LISINOPRIL TAB 5MG,MAH
LISINOPRIL 20 MG TABLET,MAH
LOSARTAN POT TAB 50MG,MAH
LISINOPRIL TAB 40MG,MAH
LOSARTAN POT TAB 25MG,MAH
LISINOPRIL TAB 10MG,MAH
LOSARTAN POT TAB 50MG,MAH
LOSARTAN POT TAB 25MG,MAH
LISINOPRIL TAB 10MG,MAH
IRBESARTAN 150 MG TABLET,MAH
LOSARTAN/HCT TAB 100-25,MAH
LISINOPRIL TAB 40MG,MAH
LOSARTAN POT TAB 100MG,MAH
LISINOPRIL 5 MG TABLET,MAH
LISINOPRIL TAB 10MG,MAH
LISINOP/HCTZ TAB 20-25MG,MAH
LOSARTAN POTASSIUM 100 MG TAB,MAH
LOSARTAN POT TAB 25MG,MAH
LISINOPRIL TAB 20MG,MAH
LISINOPRIL TAB 10MG,MAH
ENALAPRIL TAB 5MG,MAH
OLMESA MEDOX TAB 20MG,MAH
LISINOPRIL TAB 40MG,MAH
LISINOPRIL TAB 20MG,MAH
LISINOPRIL TAB 2.5MG,MAH
LOSARTAN POT TAB 100MG,MAH
LOSARTAN/HCT TAB 50-12.5,MAH
LOSARTAN POT TAB 50MG,MAH
LOSARTAN POT TAB 25MG,MAH
LISINOPRIL TAB 5MG,MAH
LOSARTAN POT TAB 50MG,MAH
LISINOPRIL TAB 20MG,MAH
LISINOPRIL 10 MG TABLET,MAH
BENAZEPRIL TAB 20MG,MAH
LISINOPRIL TAB 20MG,MAH
Lisinopril Tab 20 MG,MAH
VALSART/HCTZ TAB 80-12.5,MAH
LOSARTAN POT TAB 100MG,MAH
AMLOD/BENAZP CAP 10-20MG,MAH
LISINOPRIL TAB 40MG,MAH
LISINOPRIL TAB 2.5MG,MAH
LISINOPRIL TAB 40MG,MAH
LISINOPRIL TAB 20MG,MAH
Losartan Potassium Tab 100 MG,MAH
BENAZEPRIL TAB 40MG,MAH
LOSARTAN POTASSIUM 25 MG TAB,MAH
LISINOPRIL TAB 40MG,MAH
LISINOPRIL TAB 20MG,MAH
LISINOPRIL TAB 10MG,MAH
ENALAPRIL TAB 2.5MG,MAH
LOSARTAN POT TAB 25MG,MAH
OLMESA MEDOX TAB 20MG,MAH
LOSARTAN POT TAB 100MG,MAH
LISINOPRIL TAB 5MG,MAH
LISINOPRIL-HCTZ 20-25 MG TAB,MAH
LOSARTAN POT TAB 100MG,MAH
LOSARTAN POTASSIUM 50 MG TAB,MAH
LISINOPRIL 10 MG TABLET,MAH
BENAZEPRIL TAB 20MG,MAH
LISINOPRIL TAB 2.5MG,MAH
LOSARTAN POT TAB 25MG,MAH
LISINOPRIL TAB 20MG,MAH
LISINOP/HCTZ TAB 10-12.5,MAH
LISINOPRIL TAB 10MG,MAH
LOSARTAN POT TAB 25MG,MAH
LISINOPRIL TAB 40MG,MAH
ENALAPRIL TAB 20MG,MAH
LOSARTAN POTASSIUM 25 MG TAB,MAH
LOSARTAN POT TAB 25MG,MAH
LOSARTAN POT TAB 100MG,MAH
LISINOPRIL TAB 10MG,MAH
LOSARTAN POT TAB 100MG,MAH
LISINOPRIL TAB 30MG,MAH
LISINOPRIL TAB 10MG,MAH
LISINOPRIL TAB 10MG,MAH
OLMESA MEDOX TAB 20MG,MAH
LISINOPRIL TAB 20MG,MAH
OLMESA MEDOX TAB 20MG,MAH
LISINOPRIL TAB 40MG,MAH
LOSARTAN POT TAB 100MG,MAH
Lisinopril Tab 20 MG,MAH
LOSARTAN POT TAB 50MG,MAH
LOSARTAN POT TAB 25MG,MAH
Irbesartan Tab 75 MG,MAH
LOSARTAN POT TAB 50MG,MAH
LISINOPRIL TAB 20MG,MAH
Losartan Potassium Tab 100 MG,MAH
Lisinopril Tab 20 MG,MAH
LISINOPRIL TAB 40MG,MAH
LISINOPRIL TAB 40MG,MAH
VALSARTAN TAB 40MG,MAH
LOSARTAN POT TAB 100MG,MAH
LOSARTAN POT TAB 25MG,MAH
LOSARTAN/HCT TAB 50-12.5,MAH
LOSARTAN POTASSIUM 100 MG TAB,MAH
LISINOPRIL TAB 2.5MG,MAH
LISINOPRIL 20 MG TABLET,MAH
LISINOPRIL TAB 40MG,MAH
LISINOPRIL TAB 40MG,MAH
LOSARTAN POTASSIUM 25 MG TAB,MAH
LISINOPRIL TAB 5MG,MAH
LOSARTAN POT TAB 100MG,MAH
OLM MED/HCTZ TAB 40-25MG,MAH
LOSARTAN POT TAB 50MG,MAH
LISINOPRIL TAB 5MG,MAH
LISINOPRIL TAB 20MG,MAH
LOSARTAN POT TAB 100MG,MAH
LISINOPRIL TAB 5MG,MAH
Lisinopril Tab 20 MG,MAH
LISINOPRIL TAB 10MG,MAH
Losartan Potassium Tab 50 MG,MAH
LOSARTAN POT TAB 50MG,MAH
LOSARTAN POT TAB 50MG,MAH
LISINOPRIL TAB 2.5MG,MAH
LOSARTAN POT TAB 25MG,MAH
LOSARTAN POT TAB 100MG,MAH
LISINOPRIL TAB 10MG,MAH
VALSART/HCTZ TAB 80-12.5,MAH
LISINOPRIL TAB 2.5MG,MAH
Benazepril HCl Tab 20 MG,MAH
LOSARTAN POT TAB 100MG,MAH
LOSARTAN POT TAB 50MG,MAH
LOSARTAN POT TAB 25MG,MAH
LOSARTAN POT TAB 100MG,MAH
LISINOP/HCTZ TAB 20-12.5,MAH
LOSARTAN POT TAB 25MG,MAH
LISINOP/HCTZ TAB 20-25MG,MAH
LISINOPRIL TAB 10MG,MAH
TELMISARTAN TAB 40MG,MAH
LOSARTAN POT TAB 50MG,MAH
LISINOPRIL TAB 20MG,MAH
LISINOPRIL TAB 2.5MG,MAH
LISINOPRIL TAB 5MG,MAH
LOSARTAN POT TAB 50MG,MAH
LOSARTAN POT TAB 50MG,MAH
LOSARTAN POT TAB 25MG,MAH
LISINOPRIL TAB 5MG,MAH
LOSARTAN POT TAB 100MG,MAH
LISINOPRIL TAB 2.5MG,MAH
Valsartan-Hydrochlorothiazide Tab 320-25 MG,MAH
LISINOPRIL TAB 5MG,MAH
Losartan Potassium Tab 100 MG,MAH
LISINOPRIL TAB 20MG,MAH
LISINOPRIL TAB 5MG,MAH
LISINOPRIL TAB 20MG,MAH
LISINOPRIL TAB 2.5MG,MAH
VALSARTAN TAB 160MG,MAH
LISINOPRIL TAB 20MG,MAH
LISINOPRIL 40 MG TABLET,MAH
LOSARTAN POT TAB 25MG,MAH
LISINOPRIL TAB 20MG,MAH
LISINOPRIL TAB 5MG,MAH
LISINOPRIL TAB 40MG,MAH
LISINOPRIL TAB 40MG,MAH
LOSARTAN POT TAB 50MG,MAH
TRANDOLAPRIL TAB 4MG,MAH
LOSARTAN POT TAB 100MG,MAH
LISINOPRIL TAB 40MG,MAH
RAMIPRIL CAP 5MG,MAH
LISINOPRIL TAB 5MG,MAH
LISINOPRIL TAB 10MG,MAH
Losartan Potassium Tab 25 MG,MAH
LISINOPRIL TAB 10MG,MAH
LOSARTAN POT TAB 50MG,MAH
LISINOPRIL TAB 40MG,MAH
LISINOPRIL 20 MG TABLET,MAH
Lisinopril Tab 5 MG,MAH
Telmisartan Tab 40 MG,MAH
LOSARTAN POT TAB 50MG,MAH
LISINOPRIL-HCTZ 20-12.5 MG TAB,MAH
LISINOPRIL TAB 5MG,MAH
LOSARTAN POT TAB 25MG,MAH
LISINOPRIL TAB 20MG,MAH
LISINOPRIL TAB 20MG,MAH
LOSARTAN POT TAB 50MG,MAH
LISINOPRIL TAB 10MG,MAH
LOSARTAN POT TAB 50MG,MAH
LISINOPRIL TAB 2.5MG,MAH
LISINOPRIL 20 MG TABLET,MAH
LISINOPRIL TAB 20MG,MAH
LISINOPRIL TAB 10MG,MAH
LISINOPRIL TAB 20MG,MAH
LISINOPRIL TAB 2.5MG,MAH
LISINOPRIL TAB 2.5MG,MAH
LOSARTAN POT TAB 25MG,MAH
Lisinopril Tab 40 MG,MAH
LISINOPRIL TAB 20MG,MAH
LISINOPRIL TAB 2.5MG,MAH
LISINOPRIL TAB 40MG,MAH
LISINOPRIL TAB 20MG,MAH
Lisinopril Tab 30 MG,MAH
LISINOP/HCTZ TAB 20-25MG,MAH
LOSARTAN POT TAB 100MG,MAH
LISINOPRIL TAB 40MG,MAH
LISINOP/HCTZ TAB 20-25MG,MAH
LISINOPRIL TAB 2.5MG,MAH
LOSARTAN POTASSIUM 50 MG TAB,MAH
LISINOPRIL TAB 20MG,MAH
LISINOPRIL TAB 5MG,MAH
LISINOP/HCTZ TAB 10-12.5,MAH
LOSARTAN POT TAB 100MG,MAH
LISINOPRIL TAB 40MG,MAH
LOSARTAN POT TAB 25MG,MAH
Lisinopril & Hydrochlorothiazide Tab 20-12.5 MG,MAH
LISINOPRIL TAB 10MG,MAH
RAMIPRIL CAP 5MG,MAH
LOSARTAN POT TAB 50MG,MAH
Losartan Potassium & Hydrochlorothiazide Tab 100-12.5 MG,MAH
LOSARTAN POT TAB 25MG,MAH
LISINOPRIL TAB 10MG,MAH
LOSARTAN POT TAB 50MG,MAH
LOSARTAN POT TAB 50MG,MAH
LOSARTAN POT TAB 100MG,MAH
LISINOPRIL TAB 40MG,MAH
LOSARTAN POT TAB 50MG,MAH
LOSARTAN POTASSIUM 25 MG TAB,MAH
ENALAPRIL TAB 10MG,MAH
LISINOPRIL TAB 40MG,MAH
LOSARTAN/HCT TAB 100-12.5,MAH
LISINOPRIL TAB 20MG,MAH
Lisinopril Tab 40 MG,MAH
LISINOP/HCTZ TAB 20-25MG,MAH
LISINOPRIL TAB 10MG,MAH
LISINOPRIL TAB 2.5MG,MAH
LISINOPRIL TAB 20MG,MAH
LISINOPRIL TAB 10MG,MAH
LOSARTAN POT TAB 50MG,MAH
LISINOPRIL TAB 2.5MG,MAH
LISINOPRIL TAB 5MG,MAH
Lisinopril & Hydrochlorothiazide Tab 20-12.5 MG,MAH
LOSARTAN POTASSIUM 50 MG TAB,MAH
LISINOPRIL TAB 20MG,MAH
LOSARTAN POT TAB 100MG,MAH
RAMIPRIL CAP 5MG,MAH
LISINOPRIL TAB 40MG,MAH
LOSARTAN POT TAB 25MG,MAH
LOSARTAN POT TAB 100MG,MAH
LOSARTAN POTASSIUM 50 MG TAB,MAH
LOSARTAN POT TAB 50MG,MAH
LISINOPRIL TAB 20MG,MAH
LISINOPRIL TAB 2.5MG,MAH
LISINOPRIL TAB 20MG,MAH
LISINOPRIL TAB 20MG,MAH
LISINOPRIL TAB 40MG,MAH
LISINOPRIL TAB 40MG,MAH
ENALAPRIL TAB 10MG,MAH
LOSARTAN POT TAB 100MG,MAH
LOSARTAN POTASSIUM 50 MG TAB,MAH
LISINOPRIL TAB 5MG,MAH
LISINOP/HCTZ TAB 10-12.5,MAH
LOSARTAN POT TAB 100MG,MAH
LOSARTAN POT TAB 25MG,MAH
LOSARTAN POTASSIUM 25 MG TAB,MAH
BENAZEPRIL HCL 40 MG TABLET,MAH
LISINOPRIL TAB 5MG,MAH
VALSARTAN TAB 160MG,MAH
LOSARTAN-HCTZ 100-12.5 MG TAB,MAH
LISINOPRIL TAB 40MG,MAH
Lisinopril & Hydrochlorothiazide Tab 20-25 MG,MAH
OLMESA MEDOX TAB 5MG,MAH
LOSARTAN POT TAB 50MG,MAH
LOSARTAN POT TAB 50MG,MAH
Irbesartan Tab 300 MG,MAH
LOSARTAN/HCT TAB 50-12.5,MAH
LISINOPRIL TAB 40MG,MAH
LISINOPRIL 5 MG TABLET,MAH
VALSART/HCTZ TAB 320-25MG,MAH
VALSART/HCTZ TAB 320-25MG,MAH
LOSARTAN/HCT TAB 100-12.5,MAH
LISINOPRIL TAB 40MG,MAH
LISINOPRIL TAB 40MG,MAH
IRBESARTAN TAB 150MG,MAH
LISINOPRIL TAB 10MG,MAH
Losartan Potassium Tab 25 MG,MAH
LISINOPRIL TAB 40MG,MAH
LISINOPRIL TAB 10MG,MAH
VALSARTAN TAB 320MG,MAH
LOSARTAN POT TAB 50MG,MAH
LOSARTAN POTASSIUM 25 MG TAB,MAH
LISINOPRIL TAB 20MG,MAH
Losartan Potassium Tab 100 MG,MAH
LISINOPRIL TAB 10MG,MAH
Losartan Potassium Tab 25 MG,MAH
LOSARTAN POTASSIUM 50 MG TAB,MAH
LISINOPRIL TAB 40MG,MAH
LISINOPRIL TAB 40MG,MAH
OLMESA MEDOX TAB 40MG,MAH
LOSARTAN POT TAB 50MG,MAH
LISINOPRIL TAB 10MG,MAH
Lisinopril Tab 10 MG,MAH
LOSARTAN POT TAB 100MG,MAH
LISINOPRIL TAB 20MG,MAH
LOSARTAN POT TAB 100MG,MAH
LISINOPRIL TAB 5MG,MAH
Lisinopril Tab 5 MG,MAH
LOSARTAN POTASSIUM 100 MG TAB,MAH
LISINOPRIL TAB 10MG,MAH
LISINOPRIL TAB 20MG,MAH
LISINOPRIL TAB 5MG,MAH
LISINOPRIL TAB 40MG,MAH
LISINOPRIL TAB 40MG,MAH
LISINOPRIL 40 MG TABLET,MAH
Lisinopril & Hydrochlorothiazide Tab 20-25 MG,MAH
LOSARTAN POT TAB 50MG,MAH
LOSARTAN POT TAB 50MG,MAH
LISINOPRIL TAB 10MG,MAH
LOSARTAN POT TAB 25MG,MAH
LOSARTAN POT TAB 25MG,MAH
LISINOPRIL TAB 20MG,MAH
FOSINOPRIL TAB 10MG,MAH
AMLOD/BENAZP CAP 10-20MG,MAH
LOSARTAN/HCT TAB 100-12.5,MAH
LOSARTAN POTASSIUM 50 MG TAB,MAH
BENAZEPRIL TAB 20MG,MAH
LISINOPRIL TAB 10MG,MAH
LISINOPRIL 5 MG TABLET,MAH
LISINOPRIL TAB 40MG,MAH
LISINOPRIL TAB 10MG,MAH
TELMISARTAN TAB 80MG,MAH
LISINOPRIL TAB 20MG,MAH
LOSARTAN POT TAB 100MG,MAH
LISINOPRIL TAB 20MG,MAH
LISINOPRIL TAB 2.5MG,MAH
LOSARTAN/HCT TAB 100-12.5,MAH
LOSARTAN POT TAB 25MG,MAH
Lisinopril Tab 30 MG,MAH
LOSARTAN POTASSIUM 25 MG TAB,MAH
LISINOPRIL TAB 2.5MG,MAH
LISINOPRIL TAB 20MG,MAH
LISINOPRIL TAB 20MG,MAH
LISINOPRIL 40 MG TABLET,MAH
LOSARTAN POT TAB 50MG,MAH
LISINOPRIL TAB 5MG,MAH
OLMESARTAN-HCTZ 20-12.5 MG TAB,MAH
LISINOPRIL TAB 40MG,MAH
LOSARTAN POT TAB 50MG,MAH
LOSARTAN POT TAB 50MG,MAH
Lisinopril Tab 20 MG,MAH
Losartan Potassium Tab 25 MG,MAH
BENAZEPRIL TAB 20MG,MAH
LISINOPRIL-HCTZ 20-12.5 MG TAB,MAH
BENAZEPRIL HCL 40 MG TABLET,MAH
Lisinopril Tab 5 MG,MAH
LISINOPRIL 20 MG TABLET,MAH
LISINOPRIL TAB 10MG,MAH
LISINOPRIL TAB 40MG,MAH
LISINOPRIL TAB 20MG,MAH
LISINOPRIL TAB 5MG,MAH
LISINOPRIL TAB 2.5MG,MAH
LISINOPRIL TAB 10MG,MAH
LISINOPRIL TAB 5MG,MAH
LISINOPRIL TAB 40MG,MAH
LOSARTAN POT TAB 50MG,MAH
LOSARTAN POTASSIUM 50 MG TAB,MAH
LISINOPRIL TAB 2.5MG,MAH
VALSARTAN TAB 160MG,MAH
LISINOPRIL TAB 20MG,MAH
LOSARTAN POT TAB 100MG,MAH
LISINOPRIL TAB 10MG,MAH
Enalapril Maleate Tab 10 MG,MAH
LOSARTAN POT TAB 100MG,MAH
Lisinopril Tab 5 MG,MAH
Lisinopril Tab 40 MG,MAH
LISINOPRIL TAB 40MG,MAH
LISINOPRIL TAB 2.5MG,MAH
LOSARTAN POT TAB 25MG,MAH
LISINOPRIL TAB 20MG,MAH
LISINOPRIL TAB 40MG,MAH
LISINOPRIL TAB 30MG,MAH
LOSARTAN-HCTZ 100-12.5 MG TAB,MAH
LOSARTAN POT TAB 100MG,MAH
LOSARTAN POT TAB 50MG,MAH
LISINOPRIL TAB 10MG,MAH
ENALAPRIL TAB 20MG,MAH
LOSARTAN/HCT TAB 50-12.5,MAH
LOSARTAN POT TAB 100MG,MAH
LOSARTAN POT TAB 25MG,MAH
LOSARTAN POT TAB 25MG,MAH
VALSARTAN TAB 40MG,MAH
LOSARTAN POTASSIUM 25 MG TAB,MAH
LOSARTAN POT TAB 25MG,MAH
LOSARTAN POT TAB 100MG,MAH
LOSARTAN POT TAB 25MG,MAH
Losartan Potassium Tab 25 MG,MAH
LISINOPRIL TAB 5MG,MAH
LOSARTAN POT TAB 25MG,MAH
LISINOPRIL TAB 40MG,MAH
LISINOPRIL TAB 5MG,MAH
LOSARTAN POTASSIUM 50 MG TAB,MAH
LOSARTAN POT TAB 100MG,MAH
LISINOPRIL TAB 10MG,MAH
LOSARTAN POT TAB 50MG,MAH
LISINOPRIL TAB 40MG,MAH
LISINOPRIL 20 MG TABLET,MAH
LOSARTAN POT TAB 100MG,MAH
LISINOPRIL 5 MG TABLET,MAH
LISINOPRIL TAB 20MG,MAH
LOSARTAN POT TAB 100MG,MAH
VALSART/HCTZ TAB 160-25MG,MAH
LISINOPRIL TAB 20MG,MAH
LOSARTAN POT TAB 25MG,MAH
LOSARTAN POT TAB 25MG,MAH
LISINOP/HCTZ TAB 20-25MG,MAH
AMLODIPINE-VALSARTAN 5-160 MG,MAH
LOSARTAN POT TAB 25MG,MAH
LOSARTAN POT TAB 100MG,MAH
LISINOPRIL TAB 40MG,MAH
LOSARTAN POT TAB 100MG,MAH
LISINOPRIL TAB 10MG,MAH
LOSARTAN POTASSIUM 50 MG TAB,MAH
LISINOPRIL 10 MG TABLET,MAH
Lisinopril Tab 10 MG,MAH
LOSARTAN POTASSIUM 100 MG TAB,MAH
LISINOPRIL 10 MG TABLET,MAH
LOSARTAN/HCT TAB 50-12.5,MAH
ENALAPRIL TAB 20MG,MAH
LISINOPRIL TAB 20MG,MAH
LISINOPRIL TAB 40MG,MAH
LOSARTAN POT TAB 100MG,MAH
LOSARTAN POT TAB 25MG,MAH
LISINOPRIL TAB 10MG,MAH
LISINOPRIL TAB 10MG,MAH
LOSARTAN POT TAB 100MG,MAH
LISINOP/HCTZ TAB 20-25MG,MAH
Lisinopril Tab 40 MG,MAH
LISINOPRIL TAB 40MG,MAH
LISINOPRIL TAB 40MG,MAH
LISINOPRIL TAB 20MG,MAH
AMLODIPINE-BENAZEPRIL 10-20 MG,MAH
LOSARTAN POT TAB 100MG,MAH
LOSARTAN POT TAB 50MG,MAH
LISINOPRIL TAB 20MG,MAH
LOSARTAN POT TAB 100MG,MAH
LOSARTAN POT TAB 50MG,MAH
LISINOPRIL TAB 10MG,MAH
LOSARTAN/HCT TAB 50-12.5,MAH
LOSARTAN POTASSIUM 25 MG TAB,MAH
LISINOPRIL 20 MG TABLET,MAH
LISINOPRIL TAB 5MG,MAH
LISINOPRIL TAB 20MG,MAH
LISINOP/HCTZ TAB 20-25MG,MAH
LISINOPRIL TAB 10MG,MAH
LISINOPRIL 10 MG TABLET,MAH
LOSARTAN POT TAB 50MG,MAH
Losartan Potassium Tab 100 MG,MAH
LOSARTAN POT TAB 100MG,MAH
LISINOPRIL TAB 5MG,MAH
LOSARTAN POT TAB 25MG,MAH
LOSARTAN POT TAB 100MG,MAH
LISINOPRIL TAB 20MG,MAH
LISINOPRIL TAB 20MG,MAH
LISINOPRIL TAB 10MG,MAH
IRBESARTAN TAB 150MG,MAH
LISINOPRIL TAB 10MG,MAH
AMLOD/OLMESA TAB 10-20MG,MAH
LOSARTAN/HCT TAB 50-12.5,MAH
LISINOPRIL TAB 5MG,MAH
LOSARTAN POT TAB 100MG,MAH
LOSARTAN POT TAB 25MG,MAH
LOSARTAN POT TAB 100MG,MAH
LISINOPRIL TAB 10MG,MAH
LOSARTAN POT TAB 100MG,MAH
LISINOPRIL TAB 40MG,MAH
LOSARTAN POTASSIUM 50 MG TAB,MAH
LOSARTAN POT TAB 100MG,MAH
LOSARTAN-HCTZ 50-12.5 MG TAB,MAH
LISINOPRIL TAB 40MG,MAH
Ramipril Cap 5 MG,MAH
LOSARTAN POTASSIUM 50 MG TAB,MAH
LISINOPRIL TAB 30MG,MAH
LISINOPRIL TAB 10MG,MAH
LISINOP/HCTZ TAB 20-12.5,MAH
OLMESA MEDOX TAB 40MG,MAH
LISINOP/HCTZ TAB 20-12.5,MAH
LOSARTAN POT TAB 100MG,MAH
LISINOP/HCTZ TAB 20-12.5,MAH
ENALAPRIL TAB 10MG,MAH
LISINOPRIL TAB 40MG,MAH
LISINOP/HCTZ TAB 10-12.5,MAH
LISINOPRIL TAB 40MG,MAH
LISINOPRIL TAB 10MG,MAH
LISINOPRIL TAB 10MG,MAH
LOSARTAN POT TAB 50MG,MAH
LOSARTAN POT TAB 50MG,MAH
LOSARTAN POT TAB 100MG,MAH
Valsartan-Hydrochlorothiazide Tab 160-25 MG,MAH
LISINOPRIL TAB 20MG,MAH
Lisinopril Tab 40 MG,MAH
LOSARTAN POT TAB 50MG,MAH
Amlodipine Besylate-Benazepril HCl Cap 2.5-10 MG,MAH
ENALAPRIL TAB 20MG,MAH
VALSARTAN TAB 40MG,MAH
LOSARTAN POT TAB 25MG,MAH
LISINOPRIL 20 MG TABLET,MAH
LISINOP/HCTZ TAB 20-25MG,MAH
LISINOPRIL TAB 40MG,MAH
LISINOPRIL TAB 2.5MG,MAH
LISINOPRIL TAB 2.5MG,MAH
LOSARTAN POT TAB 100MG,MAH
LISINOPRIL TAB 20MG,MAH
LOSARTAN POT TAB 25MG,MAH
ENALAPRIL MALEATE 20 MG TAB,MAH
LOSARTAN POT TAB 25MG,MAH
LOSARTAN POT TAB 25MG,MAH
LISINOPRIL TAB 5MG,MAH
LISINOPRIL TAB 10MG,MAH
VALSART/HCTZ TAB 160-25MG,MAH
Losartan Potassium Tab 50 MG,MAH
LOSARTAN-HCTZ 100-25 MG TAB,MAH
LOSARTAN/HCT TAB 100-25,MAH
VALSARTAN 80 MG TABLET,MAH
LISINOPRIL TAB 20MG,MAH
LISINOPRIL TAB 40MG,MAH
LISINOP/HCTZ TAB 20-12.5,MAH
LISINOPRIL TAB 10MG,MAH
LOSARTAN POT TAB 50MG,MAH
LISINOPRIL TAB 20MG,MAH
LISINOP/HCTZ TAB 20-25MG,MAH
LOSARTAN/HCT TAB 50-12.5,MAH
LISINOPRIL TAB 20MG,MAH
LISINOPRIL TAB 5MG,MAH
Losartan Potassium Tab 100 MG,MAH
LISINOPRIL TAB 30MG,MAH
LOSARTAN POT TAB 25MG,MAH
LOSARTAN POTASSIUM 100 MG TAB,MAH
LOSARTAN POT TAB 100MG,MAH
LOSARTAN POT TAB 50MG,MAH
LISINOPRIL TAB 5MG,MAH
LOSARTAN POT TAB 100MG,MAH
LOSARTAN POT TAB 50MG,MAH
Lisinopril Tab 40 MG,MAH
LISINOPRIL TAB 20MG,MAH
LISINOPRIL-HCTZ 20-12.5 MG TAB,MAH
LISINOPRIL TAB 10MG,MAH
LOSARTAN/HCT TAB 100-12.5,MAH
LISINOPRIL TAB 40MG,MAH
LISINOP/HCTZ TAB 20-12.5,MAH
LOSARTAN POT TAB 100MG,MAH
LISINOPRIL TAB 5MG,MAH
LISINOPRIL TAB 5MG,MAH
LOSARTAN POT TAB 100MG,MAH
LOSARTAN/HCT TAB 50-12.5,MAH
LISINOPRIL 2.5 MG TABLET,MAH
Losartan Potassium Tab 25 MG,MAH
LISINOPRIL TAB 40MG,MAH
LOSARTAN POT TAB 100MG,MAH
LOSARTAN POTASSIUM 50 MG TAB,MAH
LISINOPRIL TAB 10MG,MAH
LOSARTAN POT TAB 25MG,MAH
LISINOPRIL TAB 10MG,MAH
LOSARTAN POT TAB 25MG,MAH
Lisinopril Tab 40 MG,MAH
LOSARTAN POT TAB 25MG,MAH
LISINOPRIL TAB 10MG,MAH
LISINOPRIL TAB 30MG,MAH
LISINOPRIL TAB 5MG,MAH
VALSART/HCTZ TAB 160-12.5,MAH
LOSARTAN POT TAB 50MG,MAH
LISINOPRIL TAB 20MG,MAH
Losartan Potassium Tab 50 MG,MAH
Lisinopril & Hydrochlorothiazide Tab 10-12.5 MG,MAH
LISINOPRIL TAB 20MG,MAH
LISINOPRIL TAB 10MG,MAH
LISINOPRIL 5 MG TABLET,MAH
LISINOPRIL TAB 10MG,MAH
LISINOPRIL TAB 5MG,MAH
LOSARTAN POT TAB 50MG,MAH
LISINOPRIL TAB 10MG,MAH
LISINOPRIL TAB 10MG,MAH
LISINOPRIL TAB 40MG,MAH
LISINOPRIL TAB 20MG,MAH
LISINOPRIL TAB 20MG,MAH
IRBESARTAN TAB 75MG,MAH
OLMESA MEDOX TAB 20MG,MAH
Losartan Potassium Tab 25 MG,MAH
LOSARTAN POT TAB 100MG,MAH
Losartan Potassium Tab 25 MG,MAH
LISINOPRIL TAB 5MG,MAH
LISINOPRIL 20 MG TABLET,MAH
LISINOPRIL TAB 20MG,MAH
LISINOPRIL TAB 40MG,MAH
Benazepril HCl Tab 40 MG,MAH
LOSARTAN POT TAB 50MG,MAH
LOSARTAN POTASSIUM 50 MG TAB,MAH
LOSARTAN POT TAB 25MG,MAH
LOSARTAN POT TAB 100MG,MAH
Lisinopril Tab 10 MG,MAH
LISINOPRIL TAB 10MG,MAH
LISINOPRIL TAB 10MG,MAH
LISINOPRIL TAB 2.5MG,MAH
BENAZEPRIL TAB 10MG,MAH
LISINOPRIL TAB 20MG,MAH
LOSARTAN POT TAB 100MG,MAH
ENALAPRIL TAB 20MG,MAH
LOSARTAN POT TAB 50MG,MAH
Lisinopril Tab 10 MG,MAH
LISINOPRIL-HCTZ 20-12.5 MG TAB,MAH
LOSARTAN POT TAB 100MG,MAH
LOSARTAN POT TAB 100MG,MAH
LISINOPRIL TAB 20MG,MAH
LOSARTAN POT TAB 100MG,MAH
LOSARTAN POT TAB 25MG,MAH
LOSARTAN POT TAB 50MG,MAH
LISINOP/HCTZ TAB 20-12.5,MAH
LOSARTAN/HCT TAB 100-25,MAH
LOSARTAN POT TAB 25MG,MAH
LISINOPRIL TAB 40MG,MAH
LISINOPRIL TAB 5MG,MAH
OLMESA MEDOX TAB 40MG,MAH
LISINOPRIL TAB 10MG,MAH
LOSARTAN POT TAB 25MG,MAH
LOSARTAN POT TAB 50MG,MAH
LISINOPRIL TAB 20MG,MAH
LOSARTAN POT TAB 50MG,MAH
LOSARTAN POT TAB 25MG,MAH
IRBESARTAN TAB 150MG,MAH
BENAZEPRIL TAB 20MG,MAH
LISINOPRIL TAB 20MG,MAH
LOSARTAN POT TAB 100MG,MAH
LOSARTAN POT TAB 50MG,MAH
LISINOP/HCTZ TAB 10-12.5,MAH
LOSARTAN POT TAB 25MG,MAH
LISINOPRIL-HCTZ 10-12.5 MG TAB,MAH
LISINOPRIL TAB 40MG,MAH
LOSARTAN POT TAB 100MG,MAH
LISINOPRIL TAB 20MG,MAH
LISINOPRIL TAB 10MG,MAH
LISINOPRIL TAB 20MG,MAH
Lisinopril Tab 20 MG,MAH
LOSARTAN POTASSIUM 50 MG TAB,MAH
LISINOPRIL TAB 40MG,MAH
Lisinopril Tab 10 MG,MAH
LISINOPRIL TAB 5MG,MAH
LOSARTAN POT TAB 100MG,MAH
LISINOP/HCTZ TAB 20-25MG,MAH
LISINOPRIL 5 MG TABLET,MAH
BENAZEPRIL TAB 10MG,MAH
VALSARTAN TAB 80MG,MAH
LISINOPRIL TAB 30MG,MAH
LISINOPRIL TAB 40MG,MAH
LOSARTAN/HCT TAB 100-25,MAH
LISINOPRIL TAB 10MG,MAH
ENALAPRIL MALEATE 2.5 MG TAB,MAH
VALSART/HCTZ TAB 320-12.5,MAH
LISINOPRIL TAB 10MG,MAH
LISINOPRIL TAB 40MG,MAH
LISINOPRIL TAB 40MG,MAH
LOSARTAN POT TAB 50MG,MAH
LISINOPRIL 40 MG TABLET,MAH
LOSARTAN POT TAB 50MG,MAH
LISINOPRIL TAB 20MG,MAH
LISINOPRIL TAB 40MG,MAH
LISINOPRIL TAB 20MG,MAH
LISINOPRIL TAB 40MG,MAH
OLMESA MEDOX TAB 20MG,MAH
LISINOP/HCTZ TAB 20-12.5,MAH
LISINOP/HCTZ TAB 20-25MG,MAH
LISINOPRIL TAB 10MG,MAH
LISINOPRIL 20 MG TABLET,MAH
LISINOPRIL TAB 10MG,MAH
ENALAPRIL TAB 2.5MG,MAH
LOSARTAN POTASSIUM 50 MG TAB,MAH
LISINOPRIL 40 MG TABLET,MAH
LOSARTAN POT TAB 25MG,MAH
BENAZEP/HCTZ TAB 20-25MG,MAH
LISINOPRIL TAB 10MG,MAH
LOSARTAN POT TAB 100MG,MAH
LISINOPRIL TAB 5MG,MAH
LISINOPRIL TAB 20MG,MAH
LISINOPRIL TAB 40MG,MAH
LISINOPRIL-HCTZ 20-12.5 MG TAB,MAH
LISINOPRIL TAB 40MG,MAH
LISINOPRIL TAB 20MG,MAH
Lisinopril Tab 40 MG,MAH
LOSARTAN POTASSIUM 50 MG TAB,MAH
LISINOPRIL TAB 10MG,MAH
LOSARTAN/HCT TAB 50-12.5,MAH
LOSARTAN POT TAB 100MG,MAH
LISINOP/HCTZ TAB 20-12.5,MAH
LOSARTAN POT TAB 25MG,MAH
LISINOPRIL TAB 5MG,MAH
LISINOPRIL 10 MG TABLET,MAH
LISINOPRIL TAB 40MG,MAH
Lisinopril Tab 5 MG,MAH
TELMISA/HCTZ TAB 80-12.5,MAH
LISINOPRIL TAB 5MG,MAH
BENAZEPRIL TAB 10MG,MAH
Losartan Potassium Tab 25 MG,MAH
BENAZEPRIL TAB 20MG,MAH
LISINOPRIL TAB 40MG,MAH
LOSARTAN POTASSIUM 100 MG TAB,MAH
LISINOPRIL TAB 5MG,MAH
LISINOPRIL TAB 10MG,MAH
LOSARTAN POT TAB 50MG,MAH
LISINOPRIL TAB 2.5MG,MAH
LOSARTAN POT TAB 25MG,MAH
LOSARTAN POTASSIUM 25 MG TAB,MAH
LOSARTAN POT TAB 50MG,MAH
AMLOD/BENAZP CAP 5-10MG,MAH
ENALAPRIL TAB 20MG,MAH
LISINOPRIL TAB 40MG,MAH
LOSARTAN POT TAB 50MG,MAH
LISINOPRIL TAB 10MG,MAH
LISINOPRIL TAB 10MG,MAH
LOSARTAN POT TAB 50MG,MAH
LISINOP/HCTZ TAB 20-12.5,MAH
LOSARTAN POT TAB 100MG,MAH
VALSARTAN TAB 320MG,MAH
LOSARTAN/HCT TAB 100-12.5,MAH
OLMESARTAN-HCTZ 40-25 MG TAB,MAH
LISINOPRIL 40 MG TABLET,MAH
LISINOPRIL TAB 10MG,MAH
LOSARTAN POT TAB 25MG,MAH
LISINOPRIL TAB 20MG,MAH
LISINOPRIL TAB 40MG,MAH
LISINOPRIL TAB 20MG,MAH
LOSARTAN POT TAB 50MG,MAH
LOSARTAN POT TAB 25MG,MAH
LISINOPRIL 40 MG TABLET,MAH
LOSARTAN POT TAB 100MG,MAH
LISINOPRIL 5 MG TABLET,MAH
LISINOPRIL TAB 5MG,MAH
LISINOPRIL TAB 5MG,MAH
LISINOPRIL TAB 5MG,MAH
LOSARTAN POT TAB 100MG,MAH
Losartan Potassium Tab 50 MG,MAH
Losartan Potassium Tab 50 MG,MAH
LISINOPRIL TAB 10MG,MAH
LOSARTAN POT TAB 50MG,MAH
VALSART/HCTZ TAB 320-25MG,MAH
OLM MED/HCTZ TAB 40-12.5,MAH
LISINOPRIL TAB 40MG,MAH
LISINOPRIL TAB 2.5MG,MAH
Olmesartan Medoxomil Tab 40 MG,MAH
LISINOPRIL TAB 10MG,MAH
LISINOPRIL TAB 20MG,MAH
LOSARTAN POT TAB 50MG,MAH
LOSARTAN POT TAB 50MG,MAH
LOSARTAN POTASSIUM 25 MG TAB,MAH
LOSARTAN/HCT TAB 100-25,MAH
LISINOPRIL TAB 20MG,MAH
Lisinopril Tab 5 MG,MAH
LOSARTAN POTASSIUM 25 MG TAB,MAH
LOSARTAN POT TAB 100MG,MAH
LISINOPRIL TAB 10MG,MAH
LOSARTAN POT TAB 100MG,MAH
LISINOPRIL TAB 20MG,MAH
LISINOPRIL TAB 10MG,MAH
LISINOPRIL TAB 40MG,MAH
LOSARTAN-HCTZ 100-12.5 MG TAB,MAH
LOSARTAN POT TAB 50MG,MAH
LOSARTAN POT TAB 50MG,MAH
LISINOPRIL TAB 5MG,MAH
LISINOPRIL TAB 10MG,MAH
LISINOPRIL TAB 10MG,MAH
Lisinopril Tab 10 MG,MAH
LOSARTAN POTASSIUM 50 MG TAB,MAH
LISINOPRIL TAB 10MG,MAH
LOSARTAN POT TAB 25MG,MAH
LISINOPRIL TAB 5MG,MAH
LOSARTAN POT TAB 100MG,MAH
Lisinopril Tab 10 MG,MAH
LOSARTAN POT TAB 50MG,MAH
LOSARTAN POT TAB 50MG,MAH
LOSARTAN POT TAB 25MG,MAH
LOSARTAN POT TAB 50MG,MAH
LOSARTAN/HCT TAB 50-12.5,MAH
LOSARTAN POTASSIUM 25 MG TAB,MAH
OLMESA MEDOX TAB 40MG,MAH
LISINOPRIL TAB 20MG,MAH
LISINOPRIL TAB 10MG,MAH
LOSARTAN POT TAB 100MG,MAH
LOSARTAN POT TAB 100MG,MAH
LOSARTAN POT TAB 25MG,MAH
LISINOPRIL TAB 10MG,MAH
LOSARTAN POT TAB 25MG,MAH
LISINOPRIL TAB 40MG,MAH
LISINOPRIL TAB 10MG,MAH
LISINOPRIL TAB 10MG,MAH
LISINOPRIL TAB 10MG,MAH
LOSARTAN/HCT TAB 100-25,MAH
LOSARTAN POT TAB 25MG,MAH
LOSARTAN POT TAB 25MG,MAH
LOSARTAN POT TAB 100MG,MAH
LOSARTAN POT TAB 100MG,MAH
LOSARTAN POT TAB 25MG,MAH
LOSARTAN POT TAB 50MG,MAH
LOSARTAN POT TAB 50MG,MAH
VALSARTAN TAB 40MG,MAH
LOSARTAN POTASSIUM 25 MG TAB,MAH
VALSARTAN TAB 80MG,MAH
LOSARTAN POT TAB 100MG,MAH
LISINOPRIL TAB 10MG,MAH
LISINOPRIL TAB 5MG,MAH
LISINOPRIL TAB 20MG,MAH
LISINOP/HCTZ TAB 20-25MG,MAH
LISINOPRIL TAB 20MG,MAH
LISINOP/HCTZ TAB 20-25MG,MAH
LOSARTAN POT TAB 100MG,MAH
LISINOPRIL TAB 40MG,MAH
LISINOPRIL TAB 5MG,MAH
LOSARTAN POT TAB 50MG,MAH
LOSARTAN POT TAB 100MG,MAH
LISINOPRIL TAB 5MG,MAH
LISINOPRIL TAB 40MG,MAH
LOSARTAN POT TAB 50MG,MAH
LOSARTAN POT TAB 25MG,MAH
LISINOPRIL TAB 20MG,MAH
Losartan Potassium Tab 100 MG,MAH
LISINOPRIL-HCTZ 20-12.5 MG TAB,MAH
Lisinopril Tab 10 MG,MAH
LISINOPRIL TAB 10MG,MAH
LISINOPRIL TAB 20MG,MAH
LISINOPRIL 10 MG TABLET,MAH
LISINOPRIL TAB 5MG,MAH
LOSARTAN/HCT TAB 100-25,MAH
LISINOPRIL TAB 20MG,MAH
LOSARTAN POT TAB 100MG,MAH
IRBESARTAN TAB 150MG,MAH
LISINOPRIL-HCTZ 20-12.5 MG TAB,MAH
LOSARTAN/HCT TAB 100-25,MAH
LOSARTAN POT TAB 50MG,MAH
Lisinopril Tab 2.5 MG,MAH
LISINOPRIL TAB 40MG,MAH
LOSARTAN POT TAB 50MG,MAH
VALSART/HCTZ TAB 320-25MG,MAH
LOSARTAN POT TAB 50MG,MAH
Lisinopril Tab 20 MG,MAH
LISINOPRIL TAB 10MG,MAH
LISINOPRIL TAB 20MG,MAH
LOSARTAN POT TAB 100MG,MAH
LISINOPRIL TAB 20MG,MAH
LISINOPRIL TAB 10MG,MAH
Valsartan Tab 160 MG,MAH
VALSARTAN TAB 320MG,MAH
LISINOPRIL TAB 40MG,MAH
LOSARTAN POT TAB 25MG,MAH
LOSARTAN POT TAB 100MG,MAH
LOSARTAN POT TAB 25MG,MAH
LISINOP/HCTZ TAB 20-12.5,MAH
LOSARTAN POTASSIUM 25 MG TAB,MAH
BENAZEPRIL HCL 10 MG TABLET,MAH
LOSARTAN POT TAB 25MG,MAH
Lisinopril Tab 20 MG,MAH
LISINOPRIL TAB 2.5MG,MAH
LISINOPRIL TAB 20MG,MAH
LOSARTAN POTASSIUM 25 MG TAB,MAH
VALSARTAN TAB 320MG,MAH
LISINOPRIL TAB 20MG,MAH
LISINOPRIL TAB 10MG,MAH
LOSARTAN/HCT TAB 100-25,MAH
LISINOPRIL TAB 30MG,MAH
LISINOPRIL TAB 10MG,MAH
LISINOPRIL TAB 20MG,MAH
LISINOPRIL TAB 10MG,MAH
LOSARTAN/HCT TAB 100-25,MAH
LOSARTAN POT TAB 100MG,MAH
IRBESARTAN TAB 75MG,MAH
LISINOPRIL TAB 10MG,MAH
LOSARTAN POT TAB 50MG,MAH
LISINOPRIL 5 MG TABLET,MAH
LOSARTAN POT TAB 100MG,MAH
LISINOPRIL TAB 40MG,MAH
LISINOPRIL TAB 20MG,MAH
LISINOPRIL 5 MG TABLET,MAH
LISINOPRIL TAB 20MG,MAH
LOSARTAN POT TAB 25MG,MAH
BENAZEPRIL TAB 40MG,MAH
Losartan Potassium Tab 50 MG,MAH
LOSARTAN POT TAB 100MG,MAH
ENALAPRIL TAB 20MG,MAH
VALSARTAN TAB 80MG,MAH
LISINOPRIL 10 MG TABLET,MAH
LOSARTAN POT TAB 50MG,MAH
LOSARTAN POT TAB 50MG,MAH
LISINOPRIL TAB 40MG,MAH
LISINOPRIL TAB 20MG,MAH
LOSARTAN POT TAB 100MG,MAH
LISINOP/HCTZ TAB 10-12.5,MAH
ENALAPRIL TAB 10MG,MAH
LISINOPRIL TAB 20MG,MAH
LOSARTAN POT TAB 100MG,MAH
LOSARTAN POT TAB 100MG,MAH
ATORVASTATIN TAB 10MG,SUPD
ATORVASTATIN TAB 40MG,SUPD
ATORVASTATIN TAB 20MG,SUPD
ATORVASTATIN TAB 40MG,SUPD
ATORVASTATIN TAB 20MG,SUPD
ATORVASTATIN TAB 40MG,SUPD
ROSUVASTATIN TAB 40MG,SUPD
ATORVASTATIN TAB 40MG,SUPD
ATORVASTATIN TAB 40MG,SUPD
ATORVASTATIN TAB 40MG,SUPD
ATORVASTATIN TAB 10MG,SUPD
SIMVASTATIN TAB 20MG,SUPD
ATORVASTATIN TAB 20MG,SUPD
ATORVASTATIN TAB 10MG,SUPD
ATORVASTATIN TAB 40MG,SUPD
LOVASTATIN TAB 10MG,SUPD
ATORVASTATIN TAB 40MG,SUPD
ATORVASTATIN TAB 20MG,SUPD
ATORVASTATIN TAB 40MG,SUPD
ROSUVASTATIN TAB 20MG,SUPD
ATORVASTATIN TAB 80MG,SUPD
LOVASTATIN TAB 10MG,SUPD
ROSUVASTATIN TAB 5MG,SUPD
ATORVASTATIN TAB 20MG,SUPD
ATORVASTATIN TAB 40MG,SUPD
ATORVASTATIN TAB 20MG,SUPD
ATORVASTATIN TAB 40MG,SUPD
ATORVASTATIN TAB 20MG,SUPD
ATORVASTATIN TAB 40MG,SUPD
ATORVASTATIN TAB 20MG,SUPD
ROSUVASTATIN TAB 40MG,SUPD
ATORVASTATIN TAB 80MG,SUPD
ATORVASTATIN TAB 10MG,SUPD
ATORVASTATIN TAB 80MG,SUPD
ATORVASTATIN TAB 80MG,SUPD
ROSUVASTATIN TAB 10MG,SUPD
ATORVASTATIN TAB 40MG,SUPD
SIMVASTATIN TAB 10MG,SUPD
ATORVASTATIN TAB 10MG,SUPD
ATORVASTATIN TAB 40MG,SUPD
ATORVASTATIN TAB 40MG,SUPD
ATORVASTATIN TAB 80MG,SUPD
ROSUVASTATIN TAB 20MG,SUPD
ATORVASTATIN TAB 40MG,SUPD
ATORVASTATIN TAB 80MG,SUPD
ROSUVASTATIN TAB 10MG,SUPD
ROSUVASTATIN TAB 5MG,SUPD
ROSUVASTATIN TAB 10MG,SUPD
ATORVASTATIN TAB 80MG,SUPD
ROSUVASTATIN TAB 10MG,SUPD
ROSUVASTATIN TAB 20MG,SUPD
ATORVASTATIN TAB 40MG,SUPD
ATORVASTATIN TAB 10MG,SUPD
ATORVASTATIN TAB 40MG,SUPD
SIMVASTATIN TAB 20MG,SUPD
ATORVASTATIN TAB 80MG,SUPD
ATORVASTATIN TAB 40MG,SUPD
ROSUVASTATIN TAB 5MG,SUPD
ATORVASTATIN TAB 10MG,SUPD
ATORVASTATIN TAB 10MG,SUPD
ATORVASTATIN TAB 80MG,SUPD
ATORVASTATIN TAB 10MG,SUPD
ATORVASTATIN TAB 80MG,SUPD
ROSUVASTATIN TAB 40MG,SUPD
ATORVASTATIN TAB 20MG,SUPD
ATORVASTATIN TAB 40MG,SUPD
ATORVASTATIN TAB 20MG,SUPD
ROSUVASTATIN TAB 20MG,SUPD
ATORVASTATIN TAB 10MG,SUPD
SIMVASTATIN TAB 10MG,SUPD
SIMVASTATIN TAB 5MG,SUPD
ATORVASTATIN TAB 80MG,SUPD
ATORVASTATIN TAB 40MG,SUPD
ATORVASTATIN TAB 40MG,SUPD
ATORVASTATIN TAB 40MG,SUPD
ATORVASTATIN TAB 40MG,SUPD
ATORVASTATIN TAB 20MG,SUPD
ATORVASTATIN TAB 40MG,SUPD
ATORVASTATIN TAB 80MG,SUPD
ATORVASTATIN TAB 20MG,SUPD
ROSUVASTATIN TAB 40MG,SUPD
ROSUVASTATIN TAB 20MG,SUPD
LOVASTATIN TAB 20MG,SUPD
ATORVASTATIN TAB 40MG,SUPD
ATORVASTATIN TAB 40MG,SUPD
ROSUVASTATIN TAB 40MG,SUPD
ATORVASTATIN TAB 10MG,SUPD
LOVASTATIN TAB 20MG,SUPD
ATORVASTATIN TAB 80MG,SUPD
ATORVASTATIN TAB 20MG,SUPD
ATORVASTATIN TAB 20MG,SUPD
ATORVASTATIN TAB 10MG,SUPD
ATORVASTATIN TAB 20MG,SUPD
ATORVASTATIN TAB 10MG,SUPD
ATORVASTATIN TAB 40MG,SUPD
ATORVASTATIN TAB 10MG,SUPD
ATORVASTATIN TAB 80MG,SUPD
ATORVASTATIN TAB 40MG,SUPD
ATORVASTATIN TAB 80MG,SUPD
ROSUVASTATIN TAB 40MG,SUPD
ROSUVASTATIN TAB 10MG,SUPD
